validation_scheme,target_kind,security,country,tenor,fold,regime,sample,config_hash,feature_count,horizon,n_obs,dir_acc,dir_coverage,r2_raw,mse_model,mse_rw,mae,ct_r2_oos,cw_stat,cw_pval,dmh_stat,dmh_pval,pt_stat,pt_pval,binom_pval,n_eff,notebook,run_ts,model_kind,is_pooled,agg_level,use_categoricals,n_securities,pca_k,tau_w
walk_forward,level_change,__POOL__,__ALL__,__ALL__,ZIRP_late,ZIRP,train,fd70b606868e,80,63,192813,0.5381742932271164,1.0,0.04608651313409007,0.1985704500330547,0.2107761415995168,0.23592324306734008,0.05790831672805452,16.59595711936122,0.0,13.924712729891633,2.3547901187070076e-44,1.7000362761168464,0.044562051128421265,6.501012847641556e-247,3061,pooled_v5,2026-06-30T13:39:18.419161+00:00,pooled,True,aggregate,True,85,12,2.3264750495168025
walk_forward,level_change,__POOL_NOR__,NOR,__ALL__,ZIRP_late,ZIRP,train,fd70b606868e,80,63,12798,0.5561025160181279,1.0,0.055025685260679635,0.0926224177287536,0.0998191174632755,0.21094674658690193,0.07209740896747208,2.8210679058211077,0.002393203492937035,2.113275452865052,0.01729825137822463,,,3.033544209661276e-37,203,pooled_v5,2026-06-30T13:39:18.419161+00:00,pooled,True,aggregate_nor,True,5,12,2.3264750495168025
walk_forward,level_change,NOR_10Y,NOR,10Y,ZIRP_late,ZIRP,train,fd70b606868e,80,63,2542,0.5806451612903226,1.0,0.042493291407635136,0.06580153994802097,0.0707628983988985,0.2025625488607622,0.07011242562323816,1.6212919446099787,0.052477520903432495,1.0719743181971066,0.14191668370005045,,,2.1546283160396607e-16,40,pooled_v5,2026-06-30T13:39:18.419161+00:00,pooled,True,per_security,True,85,12,2.3264750495168025
walk_forward,level_change,NOR_15Y,NOR,15Y,ZIRP_late,ZIRP,train,fd70b606868e,80,63,2544,0.5683962264150944,1.0,0.03878156931561916,0.05667941621105736,0.060131539308176093,0.1880589310309422,0.05740952479906569,1.4733193207513737,0.07033247668640885,0.8552662047417251,0.19624218134109642,,,2.785031533495568e-12,40,pooled_v5,2026-06-30T13:39:18.419161+00:00,pooled,True,per_security,True,85,12,2.3264750495168025
walk_forward,level_change,NOR_1Y,NOR,1Y,ZIRP_late,ZIRP,train,fd70b606868e,80,63,2476,0.48909531502423265,1.0,0.07471453962317243,0.18292261366954543,0.19982186826332796,0.23688307512340542,0.08457159739649944,1.202877629834622,0.1145118391001606,1.025133850235676,0.152700108183678,,,0.8654909419976002,39,pooled_v5,2026-06-30T13:39:18.419161+00:00,pooled,True,per_security,True,85,12,2.3264750495168025
walk_forward,level_change,NOR_30Y,NOR,30Y,ZIRP_late,ZIRP,train,fd70b606868e,80,63,2571,0.5713730066122131,1.0,0.04768565606162234,0.05917314519611601,0.06373599260987942,0.18982266905413483,0.07158980706069906,1.62513999426777,0.05206636636478623,1.0569335437197305,0.14532062829750134,,,2.410294068070806e-13,41,pooled_v5,2026-06-30T13:39:18.419161+00:00,pooled,True,per_security,True,85,12,2.3264750495168025
walk_forward,level_change,NOR_5Y,NOR,5Y,ZIRP_late,ZIRP,train,fd70b606868e,80,63,2665,0.5684803001876173,1.0,0.04033171109730549,0.10088975795826666,0.10731968433208255,0.23707465926028662,0.05991376525036718,1.355424605182966,0.08764115734876476,0.9693864214079301,0.1662202124829678,,,8.215153681810345e-13,42,pooled_v5,2026-06-30T13:39:18.419161+00:00,pooled,True,per_security,True,85,12,2.3264750495168025
walk_forward,level_change,AUS_10Y,AUS,10Y,ZIRP_late,ZIRP,train,fd70b606868e,80,63,2815,0.5381882770870338,1.0,0.04783338684844873,0.1341399924292713,0.14436555402476023,0.2796129755091521,0.07083103490002285,1.6242940427421781,0.0521565340296547,1.299260736172759,0.09698045050402745,,,2.7271237003928073e-05,45,pooled_v5,2026-06-30T13:39:18.419161+00:00,pooled,True,per_security_nonnok,True,85,12,2.3264750495168025
walk_forward,level_change,AUS_15Y,AUS,15Y,ZIRP_late,ZIRP,train,fd70b606868e,80,63,2824,0.5478045325779037,1.0,0.0449348381191611,0.1421695527500472,0.15196553450442632,0.2868044198168738,0.06446186489801609,1.5757229429681865,0.05754483381427433,1.2491321870044019,0.10586014715199532,,,2.0348907658375135e-07,45,pooled_v5,2026-06-30T13:39:18.419161+00:00,pooled,True,per_security_nonnok,True,85,12,2.3264750495168025
walk_forward,level_change,AUS_1Y,AUS,1Y,ZIRP_late,ZIRP,train,fd70b606868e,80,63,2815,0.4852575488454707,1.0,0.08828731001669643,0.19891438124657546,0.22273435098049738,0.2687151091483035,0.10694340423497406,1.3648756615747626,0.08614606651945178,1.204980276811636,0.11415612066001012,,,0.9433218890400645,45,pooled_v5,2026-06-30T13:39:18.419161+00:00,pooled,True,per_security_nonnok,True,85,12,2.3264750495168025
walk_forward,level_change,AUS_30Y,AUS,30Y,ZIRP_late,ZIRP,train,fd70b606868e,80,63,2796,0.5504291845493562,1.0,0.04431468478920164,0.1886695533675008,0.19995842953072246,0.313995080276937,0.056456115352152225,1.4361970543162965,0.0754731385010059,1.1626109157365838,0.12254332790642475,,,5.230493344929379e-08,44,pooled_v5,2026-06-30T13:39:18.419161+00:00,pooled,True,per_security_nonnok,True,85,12,2.3264750495168025
walk_forward,level_change,AUS_5Y,AUS,5Y,ZIRP_late,ZIRP,train,fd70b606868e,80,63,2829,0.5422410745846589,1.0,0.05796725838546324,0.14298186235432575,0.15591302423015196,0.27929585097061993,0.0829383044788985,1.5918857753104918,0.055705186147138486,1.3261884785655178,0.09244218482041666,,,3.7818031503954726e-06,45,pooled_v5,2026-06-30T13:39:18.419161+00:00,pooled,True,per_security_nonnok,True,85,12,2.3264750495168025
walk_forward,level_change,BRAZ_1M,BRAZ,1M,ZIRP_late,ZIRP,train,fd70b606868e,80,63,2452,0.46451876019575855,1.0,0.06149683220889923,0.36694978159554853,0.39114199797716154,0.47519060225536836,0.06185021426163895,2.2767375537134606,0.011400951268462078,2.024511740007488,0.021512883739924694,,,0.9997964780634264,39,pooled_v5,2026-06-30T13:39:18.419161+00:00,pooled,True,per_security_nonnok,True,85,12,2.3264750495168025
walk_forward,level_change,BRAZ_1Y,BRAZ,1Y,ZIRP_late,ZIRP,train,fd70b606868e,80,63,2505,0.47784431137724553,1.0,0.030315237725834887,0.6366016889802403,0.6580416955409182,0.6100020825163464,0.032581532000117375,1.712733567067751,0.04338078338766371,1.4494233173540583,0.07367231291579172,,,0.9873914900205086,40,pooled_v5,2026-06-30T13:39:18.419161+00:00,pooled,True,per_security_nonnok,True,85,12,2.3264750495168025
walk_forward,level_change,BRAZ_3M,BRAZ,3M,ZIRP_late,ZIRP,train,fd70b606868e,80,63,2419,0.4510128152128979,1.0,0.05329963760061329,0.39482810816141967,0.417084333427036,0.49818363069298227,0.05336145110688939,2.061484081387149,0.0196284403023419,1.8143740596348177,0.0348720163416752,,,0.9999993598502459,38,pooled_v5,2026-06-30T13:39:18.419161+00:00,pooled,True,per_security_nonnok,True,85,12,2.3264750495168025
walk_forward,level_change,BRAZ_6M,BRAZ,6M,ZIRP_late,ZIRP,train,fd70b606868e,80,63,2506,0.47086991221069435,1.0,0.04441560887693785,0.4692454650982628,0.49175436203910616,0.5411764603838979,0.04577264316987051,1.9844038926261849,0.023605416217851394,1.7265024356985113,0.04219017677105182,,,0.9983441738741662,40,pooled_v5,2026-06-30T13:39:18.419161+00:00,pooled,True,per_security_nonnok,True,85,12,2.3264750495168025
walk_forward,level_change,CAN_10Y,CAN,10Y,ZIRP_late,ZIRP,train,fd70b606868e,80,63,1098,0.6493624772313297,1.0,0.01646948175676366,0.061055742582158484,0.06520540171220401,0.18252359890575726,0.06363980622895038,1.9361934871625628,0.026422003926188764,0.9496719288763071,0.1712440724158999,,,1.3527899566307626e-23,17,pooled_v5,2026-06-30T13:39:18.419161+00:00,pooled,True,per_security_nonnok,True,85,12,2.3264750495168025
walk_forward,level_change,CAN_1M,CAN,1M,ZIRP_late,ZIRP,train,fd70b606868e,80,63,2476,0.5036348949919225,1.0,0.14182877680905326,0.05045920550935762,0.06306738063630855,0.131968637909155,0.19991594703542004,1.936805259487385,0.026384576386331293,1.6039910046891377,0.05442181283646875,,,0.36631329303386817,39,pooled_v5,2026-06-30T13:39:18.419161+00:00,pooled,True,per_security_nonnok,True,85,12,2.3264750495168025
walk_forward,level_change,CAN_1W,CAN,1W,ZIRP_late,ZIRP,train,fd70b606868e,80,63,2109,0.4267425320056899,1.0,0.10998361721555339,0.045280506823638336,0.05395005376718824,0.11580435386311956,0.16069579802388667,1.7109067829766618,0.0435491611351142,1.3364975569063484,0.09076546615239371,,,0.9999999999932084,33,pooled_v5,2026-06-30T13:39:18.419161+00:00,pooled,True,per_security_nonnok,True,85,12,2.3264750495168025
walk_forward,level_change,CAN_1Y,CAN,1Y,ZIRP_late,ZIRP,train,fd70b606868e,80,63,2435,0.49363449691991784,1.0,0.11921032475260851,0.07826417693007791,0.09349894488809032,0.18497768970659625,0.16294053345999826,1.73760472298352,0.04114024353037027,1.4591179261167604,0.07233084414052837,,,0.7416604539803271,39,pooled_v5,2026-06-30T13:39:18.419161+00:00,pooled,True,per_security_nonnok,True,85,12,2.3264750495168025
walk_forward,level_change,CAN_3M,CAN,3M,ZIRP_late,ZIRP,train,fd70b606868e,80,63,2562,0.4964871194379391,1.0,0.14311970437725485,0.053033511165391706,0.06600319625745513,0.13667366430042524,0.19650086401078615,1.853734043492586,0.031888609352035746,1.5405962616686193,0.06176931049259947,,,0.6463048800066578,41,pooled_v5,2026-06-30T13:39:18.419161+00:00,pooled,True,per_security_nonnok,True,85,12,2.3264750495168025
walk_forward,level_change,CAN_5Y,CAN,5Y,ZIRP_late,ZIRP,train,fd70b606868e,80,63,1730,0.5473988439306359,1.0,0.009047069312599576,0.09019563180615614,0.09316535049855491,0.22916919610523076,0.03187578511224343,1.2713107622174342,0.10180905756063074,0.6808178348368354,0.2480389629142906,,,4.397737249269205e-05,27,pooled_v5,2026-06-30T13:39:18.419161+00:00,pooled,True,per_security_nonnok,True,85,12,2.3264750495168025
walk_forward,level_change,CAN_6M,CAN,6M,ZIRP_late,ZIRP,train,fd70b606868e,80,63,2652,0.4920814479638009,1.0,0.13558995681816388,0.060680040747730646,0.07424126954374058,0.1518905213510581,0.18266429008221752,1.7905156574774383,0.036685526219493614,1.489455495530203,0.06824320909217597,,,0.7981363181684046,42,pooled_v5,2026-06-30T13:39:18.419161+00:00,pooled,True,per_security_nonnok,True,85,12,2.3264750495168025
walk_forward,level_change,CHIN_10Y,CHIN,10Y,ZIRP_late,ZIRP,train,fd70b606868e,80,63,2491,0.48735447611401045,1.0,0.025742587364197322,0.1949797649354129,0.20013693542753913,0.34787113645706425,0.025768209556668253,0.9092556956911663,0.18160758550112233,0.5814179327127706,0.2805057204272631,,,0.9001379247489568,40,pooled_v5,2026-06-30T13:39:18.419161+00:00,pooled,True,per_security_nonnok,True,85,12,2.3264750495168025
walk_forward,level_change,CHIN_1M,CHIN,1M,ZIRP_late,ZIRP,train,fd70b606868e,80,63,1374,0.44759825327510916,1.0,0.0352241804231852,0.7338028501422229,0.7615214337700145,0.5779848936959842,0.03639895398684578,1.5085161429559995,0.06571123912944421,1.1020482040686135,0.1353169288369621,-4.967354458607755,0.9999996606376916,0.9999548332524621,22,pooled_v5,2026-06-30T13:39:18.419161+00:00,pooled,True,per_security_nonnok,True,85,12,2.3264750495168025
walk_forward,level_change,CHIN_1Y,CHIN,1Y,ZIRP_late,ZIRP,train,fd70b606868e,80,63,2472,0.4401294498381877,1.0,0.02628755761250201,0.19623408617163415,0.20169100822006472,0.3310236084064788,0.02705585190231452,0.8573718673324525,0.1956197009513071,0.5364934858381193,0.2958329157829662,,,0.9999999988881887,39,pooled_v5,2026-06-30T13:39:18.419161+00:00,pooled,True,per_security_nonnok,True,85,12,2.3264750495168025
walk_forward,level_change,CHIN_3M,CHIN,3M,ZIRP_late,ZIRP,train,fd70b606868e,80,63,2483,0.4522754732178816,1.0,0.008601376167315156,0.2936868637801697,0.296387471220298,0.3809747935775591,0.009111746286066813,0.6767254152119669,0.24929009400508673,0.2945537898545289,0.38417969990919226,,,0.9999991225435754,39,pooled_v5,2026-06-30T13:39:18.419161+00:00,pooled,True,per_security_nonnok,True,85,12,2.3264750495168025
walk_forward,level_change,CHIN_5Y,CHIN,5Y,ZIRP_late,ZIRP,train,fd70b606868e,80,63,2530,0.4873517786561265,1.0,0.023138639107163517,0.18240726193158172,0.18672790818972332,0.3374905068172874,0.023138727895734013,0.8715022147794073,0.19173999854699098,0.5304957567632225,0.2979074134461363,,,0.9018730192823037,40,pooled_v5,2026-06-30T13:39:18.419161+00:00,pooled,True,per_security_nonnok,True,85,12,2.3264750495168025
walk_forward,level_change,CHIN_6M,CHIN,6M,ZIRP_late,ZIRP,train,fd70b606868e,80,63,2476,0.4378029079159935,1.0,0.015366946357577627,0.2271424515301554,0.2308738994466882,0.34883328305168954,0.016162277006953163,0.7563555892634926,0.22471801364570254,0.39565748847860716,0.34619591096776575,,,0.9999999997478721,39,pooled_v5,2026-06-30T13:39:18.419161+00:00,pooled,True,per_security_nonnok,True,85,12,2.3264750495168025
walk_forward,level_change,EUR_10Y,EUR,10Y,ZIRP_late,ZIRP,train,fd70b606868e,80,63,2723,0.6507528461255968,1.0,0.029507016634957584,0.06763797429790398,0.07323011893004039,0.20183835042233067,0.07636399768077395,2.06320900862498,0.019546387302182944,1.4211265852503845,0.07769725508969676,,,8.722572634525968e-57,43,pooled_v5,2026-06-30T13:39:18.419161+00:00,pooled,True,per_security_nonnok,True,85,12,2.3264750495168025
walk_forward,level_change,EUR_15Y,EUR,15Y,ZIRP_late,ZIRP,train,fd70b606868e,80,63,2721,0.631385520029401,1.0,0.02666125240742978,0.07018160682558776,0.07531292052183021,0.20462436648159202,0.06813324540714216,2.0530379438101605,0.02003444882933958,1.3831716970538264,0.08336287322640748,,,1.987123443446987e-43,43,pooled_v5,2026-06-30T13:39:18.419161+00:00,pooled,True,per_security_nonnok,True,85,12,2.3264750495168025
walk_forward,level_change,EUR_1Y,EUR,1Y,ZIRP_late,ZIRP,train,fd70b606868e,80,63,2699,0.5939236754353464,1.0,0.08813927981918912,0.09207870812519399,0.10435459389310857,0.17514775005488561,0.11763627560554635,1.4936561668497972,0.06763275541553926,1.212095920269187,0.11279089984370318,0.0,0.5,7.69553545159011e-23,43,pooled_v5,2026-06-30T13:39:18.419161+00:00,pooled,True,per_security_nonnok,True,85,12,2.3264750495168025
walk_forward,level_change,EUR_30Y,EUR,30Y,ZIRP_late,ZIRP,train,fd70b606868e,80,63,2721,0.6038221242190371,1.0,0.03601097072670689,0.07666750477972518,0.08266424436141125,0.2103380952148633,0.07254333028761606,1.925528501313429,0.027081636920361585,1.3722906972524158,0.0850430561835261,,,9.840687114130787e-28,43,pooled_v5,2026-06-30T13:39:18.419161+00:00,pooled,True,per_security_nonnok,True,85,12,2.3264750495168025
walk_forward,level_change,EUR_5Y,EUR,5Y,ZIRP_late,ZIRP,train,fd70b606868e,80,63,2721,0.6582138919514884,1.0,0.038816085312444515,0.07827831346468257,0.0854328371539875,0.20354823217399923,0.08374442342830468,1.8280611030912215,0.03377019088746003,1.342954466190459,0.08969938335174459,,,2.1620216542859892e-62,43,pooled_v5,2026-06-30T13:39:18.419161+00:00,pooled,True,per_security_nonnok,True,85,12,2.3264750495168025
walk_forward,level_change,JPY_10Y,JPY,10Y,ZIRP_late,ZIRP,train,fd70b606868e,80,63,1828,0.6531728665207878,1.0,-0.030307358103065507,0.01221700967153205,0.012700875678648797,0.08150598944593664,0.038097058766598746,2.0932476715567945,0.018163525610743525,0.3636565731892769,0.3580782753124712,,,5.7711264714210854e-40,29,pooled_v5,2026-06-30T13:39:18.419161+00:00,pooled,True,per_security_nonnok,True,85,12,2.3264750495168025
walk_forward,level_change,JPY_15Y,JPY,15Y,ZIRP_late,ZIRP,train,fd70b606868e,80,63,1723,0.6221706326175276,1.0,-0.01366512761507499,0.016322568171921695,0.017229460347575158,0.09706032073486674,0.05263613353862806,2.0013762663705954,0.022675928191077777,0.5484801270054459,0.291716685080395,,,1.3636836095911066e-24,27,pooled_v5,2026-06-30T13:39:18.419161+00:00,pooled,True,per_security_nonnok,True,85,12,2.3264750495168025
walk_forward,level_change,JPY_1M,JPY,1M,ZIRP_late,ZIRP,train,fd70b606868e,80,63,2724,0.5249632892804699,1.0,-0.5598214285444665,0.004797460100697704,0.003078891146714023,0.05526514932418202,-0.558177886807671,0.570028974509194,0.2843290231669344,-2.2299081073369433,0.98708261461158,,,0.00483998883371648,43,pooled_v5,2026-06-30T13:39:18.419161+00:00,pooled,True,per_security_nonnok,True,85,12,2.3264750495168025
walk_forward,level_change,JPY_1W,JPY,1W,ZIRP_late,ZIRP,train,fd70b606868e,80,63,2059,0.5274405050995629,1.0,-1.1917333543390427,0.002604426065474779,0.0012388751325400679,0.04635359156626009,-1.102250660350991,1.6751059639088455,0.04695672151831387,-3.1119741739567433,0.9990580344801742,,,0.006779045061835248,33,pooled_v5,2026-06-30T13:39:18.419161+00:00,pooled,True,per_security_nonnok,True,85,12,2.3264750495168025
walk_forward,level_change,JPY_1Y,JPY,1Y,ZIRP_late,ZIRP,train,fd70b606868e,80,63,2664,0.575075075075075,1.0,-0.20041326519794622,0.0065120035025973,0.0054929516127713955,0.06282088787080549,-0.1855199101802676,1.1678398528068892,0.12143568467719001,-0.9816938946474058,0.836830074201757,,,4.7868691628660245e-15,42,pooled_v5,2026-06-30T13:39:18.419161+00:00,pooled,True,per_security_nonnok,True,85,12,2.3264750495168025
walk_forward,level_change,JPY_30Y,JPY,30Y,ZIRP_late,ZIRP,train,fd70b606868e,80,63,1718,0.5919674039580908,1.0,-0.006726841502173508,0.02542904687559639,0.026492879304442957,0.12001640975912488,0.04015540993568634,1.6345908022658535,0.05106742853682755,0.49358541912636494,0.3108310640587833,,,1.2593296984441471e-14,27,pooled_v5,2026-06-30T13:39:18.419161+00:00,pooled,True,per_security_nonnok,True,85,12,2.3264750495168025
walk_forward,level_change,JPY_3M,JPY,3M,ZIRP_late,ZIRP,train,fd70b606868e,80,63,2729,0.5496518871381458,1.0,-0.5238800808415085,0.0046015588834880826,0.0030282539319714183,0.05595584572346187,-0.5195419495393603,0.7403506166955693,0.22954363761725505,-2.0009827801528575,0.9772534240772545,,,1.1546494057699967e-07,43,pooled_v5,2026-06-30T13:39:18.419161+00:00,pooled,True,per_security_nonnok,True,85,12,2.3264750495168025
walk_forward,level_change,JPY_5Y,JPY,5Y,ZIRP_late,ZIRP,train,fd70b606868e,80,63,1682,0.6349583828775267,1.0,-0.14875335832322967,0.0069034790068232665,0.0063187592524946495,0.06005386973873756,-0.09253711543097154,1.7279007400900523,0.04200301081577407,-0.5894518634100911,0.7221812977119959,0.0,0.5,5.392009014626253e-29,27,pooled_v5,2026-06-30T13:39:18.419161+00:00,pooled,True,per_security_nonnok,True,85,12,2.3264750495168025
walk_forward,level_change,JPY_6M,JPY,6M,ZIRP_late,ZIRP,train,fd70b606868e,80,63,2679,0.5584173198954834,1.0,-0.4037235758168243,0.004893763379722935,0.003507550537639791,0.05734272387993563,-0.39520823070333244,0.9220039621219344,0.17826325449070723,-1.6144170054816671,0.9467225935285114,,,7.968396428729063e-10,43,pooled_v5,2026-06-30T13:39:18.419161+00:00,pooled,True,per_security_nonnok,True,85,12,2.3264750495168025
walk_forward,level_change,NEWZ_10Y,NEWZ,10Y,ZIRP_late,ZIRP,train,fd70b606868e,80,63,2920,0.5938356164383561,1.0,0.024785822447195516,0.13204901899499763,0.1392147331852397,0.26687235025428335,0.05147238389421993,1.7325650981202259,0.04158649860172292,1.2750292550561595,0.10120018077938933,0.0,0.5,1.6169129895838068e-24,46,pooled_v5,2026-06-30T13:39:18.419161+00:00,pooled,True,per_security_nonnok,True,85,12,2.3264750495168025
walk_forward,level_change,NEWZ_15Y,NEWZ,15Y,ZIRP_late,ZIRP,train,fd70b606868e,80,63,2680,0.5932835820895522,1.0,0.02537627777315432,0.1342114741488372,0.14076407987593284,0.27002197359904534,0.04655026859743627,1.606341733392608,0.05409942275190671,1.149421446101391,0.1252424222132227,,,2.0835915497424912e-22,43,pooled_v5,2026-06-30T13:39:18.419161+00:00,pooled,True,per_security_nonnok,True,85,12,2.3264750495168025
walk_forward,level_change,NEWZ_1Y,NEWZ,1Y,ZIRP_late,ZIRP,train,fd70b606868e,80,63,2961,0.48260722728807837,1.0,0.09767479032601101,0.14626482185024417,0.16848514143792637,0.2350286715043942,0.13188296248585607,1.622386284014678,0.05236033206134083,1.4354899711927116,0.07562659145258921,,,0.9720219851932839,47,pooled_v5,2026-06-30T13:39:18.419161+00:00,pooled,True,per_security_nonnok,True,85,12,2.3264750495168025
walk_forward,level_change,NEWZ_30Y,NEWZ,30Y,ZIRP_late,ZIRP,train,fd70b606868e,80,63,81,0.19753086419753085,1.0,-1.1601204311123827,0.3865069464365291,0.3316407139876543,0.539061014445196,-0.16543877194437973,-1.8368030957942623,0.9668805156256416,-0.4569171649965172,0.6755155661627308,,,0.9999999956871972,1,pooled_v5,2026-06-30T13:39:18.419161+00:00,pooled,True,per_security_nonnok,True,85,12,2.3264750495168025
walk_forward,level_change,NEWZ_5Y,NEWZ,5Y,ZIRP_late,ZIRP,train,fd70b606868e,80,63,2936,0.5745912806539509,1.0,0.02868446170709371,0.14448566871104485,0.15372197154785422,0.2762700819821408,0.060084467716666534,1.7165559449928562,0.043030168887580045,1.341953221492553,0.0898574835892186,,,3.2446977583234096e-16,47,pooled_v5,2026-06-30T13:39:18.419161+00:00,pooled,True,per_security_nonnok,True,85,12,2.3264750495168025
walk_forward,level_change,POL_10Y,POL,10Y,ZIRP_late,ZIRP,train,fd70b606868e,80,63,2714,0.5412675018422992,1.0,0.02285837079146169,0.12530350845913146,0.12991427474207812,0.2721733657052325,0.035490836492760414,1.5696966601992715,0.05824284929396273,1.0071530120586938,0.15697553300927167,,,9.226307257894364e-06,43,pooled_v5,2026-06-30T13:39:18.419161+00:00,pooled,True,per_security_nonnok,True,85,12,2.3264750495168025
walk_forward,level_change,POL_15Y,POL,15Y,ZIRP_late,ZIRP,train,fd70b606868e,80,63,2686,0.5465376023827252,1.0,0.022528406828271286,0.11643905409367282,0.12041181079300073,0.26169054679816683,0.03299308160191572,1.54536728416972,0.06112872450728646,0.9410732151418453,0.17337599898311162,,,7.630724681595463e-07,43,pooled_v5,2026-06-30T13:39:18.419161+00:00,pooled,True,per_security_nonnok,True,85,12,2.3264750495168025
walk_forward,level_change,POL_1Y,POL,1Y,ZIRP_late,ZIRP,train,fd70b606868e,80,63,2548,0.4619309262166405,1.0,0.06264171349790681,0.11772348153774725,0.12749815569466247,0.23460757320889009,0.07666522000776221,1.4509427953972989,0.07339789494453786,1.1248831634603798,0.13037227065600165,,,0.9999444220567771,40,pooled_v5,2026-06-30T13:39:18.419161+00:00,pooled,True,per_security_nonnok,True,85,12,2.3264750495168025
walk_forward,level_change,POL_5Y,POL,5Y,ZIRP_late,ZIRP,train,fd70b606868e,80,63,2718,0.5327446651949963,1.0,0.023948291477695505,0.14791699317539886,0.1535512673178808,0.2899773677771301,0.036693113908450536,1.513464462644358,0.06508086073239339,1.048339885240826,0.14728764152211632,0.0,0.5,0.00034168465107533967,43,pooled_v5,2026-06-30T13:39:18.419161+00:00,pooled,True,per_security_nonnok,True,85,12,2.3264750495168025
walk_forward,level_change,SOFR_10Y,SOFR,10Y,ZIRP_late,ZIRP,train,fd70b606868e,80,63,2505,0.5820359281437125,1.0,0.03561907025299649,0.15746657708687442,0.16708157522574854,0.2875430238615855,0.05754672905066305,1.7140079978442515,0.043263628511562735,1.3359054367794005,0.09085079148780471,,,1.1059125890852252e-16,40,pooled_v5,2026-06-30T13:39:18.419161+00:00,pooled,True,per_security_nonnok,True,85,12,2.3264750495168025
walk_forward,level_change,SOFR_1M,SOFR,1M,ZIRP_late,ZIRP,train,fd70b606868e,80,63,2514,0.5723945902943516,1.0,0.118531547831778,0.07419604369724392,0.0915777126471758,0.12241336033715554,0.1898023923888421,2.0269204526661424,0.021335274249580483,1.7507565876359499,0.04005493009063238,,,2.050444279588627e-13,40,pooled_v5,2026-06-30T13:39:18.419161+00:00,pooled,True,per_security_nonnok,True,85,12,2.3264750495168025
walk_forward,level_change,SOFR_1W,SOFR,1W,ZIRP_late,ZIRP,train,fd70b606868e,80,63,2426,0.5820280296784831,1.0,0.11008050414706838,0.07683798812887582,0.09443472448990108,0.12311628152553147,0.18633756233287957,2.070085255317948,0.019222180701084057,1.7913187528004064,0.03668340950946666,,,3.28998495756913e-16,39,pooled_v5,2026-06-30T13:39:18.419161+00:00,pooled,True,per_security_nonnok,True,85,12,2.3264750495168025
walk_forward,level_change,SOFR_1Y,SOFR,1Y,ZIRP_late,ZIRP,train,fd70b606868e,80,63,2548,0.5164835164835165,1.0,0.11416609275682155,0.08472796470973734,0.10226098030317896,0.15335773014020251,0.17145362328290303,1.8890718057301679,0.029441103870228247,1.6148575868325896,0.05323269987880795,9.5367431640625e-07,0.4999996195389934,0.050048712149296355,40,pooled_v5,2026-06-30T13:39:18.419161+00:00,pooled,True,per_security_nonnok,True,85,12,2.3264750495168025
walk_forward,level_change,SOFR_30Y,SOFR,30Y,ZIRP_late,ZIRP,train,fd70b606868e,80,63,2050,0.5590243902439025,1.0,0.023575537811127645,0.16447269523072136,0.17039566852878046,0.29478180217969013,0.03476011655225075,1.2608352073325875,0.103684113060587,0.8848339965619414,0.18817499460328574,,,4.9447339289454695e-08,33,pooled_v5,2026-06-30T13:39:18.419161+00:00,pooled,True,per_security_nonnok,True,85,12,2.3264750495168025
walk_forward,level_change,SOFR_3M,SOFR,3M,ZIRP_late,ZIRP,train,fd70b606868e,80,63,2528,0.553006329113924,1.0,0.10560130104064636,0.07940770076291033,0.09598619241989716,0.12607115636126526,0.17271746319994918,1.9876423358692572,0.023425630288633426,1.7040102428049035,0.044251056739129595,9.5367431640625e-07,0.4999996195389934,5.329192004062329e-08,40,pooled_v5,2026-06-30T13:39:18.419161+00:00,pooled,True,per_security_nonnok,True,85,12,2.3264750495168025
walk_forward,level_change,SOFR_5Y,SOFR,5Y,ZIRP_late,ZIRP,train,fd70b606868e,80,63,2496,0.561698717948718,1.0,0.04062410025692831,0.14393233520629875,0.15477045599759615,0.27943284005107333,0.07002706505862932,1.6879323977302032,0.04571210333849185,1.3429777444533448,0.08970066665393889,,,3.8135240160820514e-10,40,pooled_v5,2026-06-30T13:39:18.419161+00:00,pooled,True,per_security_nonnok,True,85,12,2.3264750495168025
walk_forward,level_change,SOFR_6M,SOFR,6M,ZIRP_late,ZIRP,train,fd70b606868e,80,63,2548,0.5349293563579278,1.0,0.10674379927302935,0.08139606118069269,0.0980513332378336,0.1326713125648758,0.16986278010867872,1.9628122600443603,0.024833996354334364,1.6774066431225316,0.04679284481830551,,,0.00022591828249244955,40,pooled_v5,2026-06-30T13:39:18.419161+00:00,pooled,True,per_security_nonnok,True,85,12,2.3264750495168025
walk_forward,level_change,SONIA_10Y,SONIA,10Y,ZIRP_late,ZIRP,train,fd70b606868e,80,63,2065,0.6053268765133172,1.0,0.03599528519445572,0.117813129976451,0.12970767278765133,0.2608659288735384,0.09170269233550488,1.9736711535955103,0.02420957362863385,1.6315319500451304,0.051465339400451775,,,4.582140846092009e-22,33,pooled_v5,2026-06-30T13:39:18.419161+00:00,pooled,True,per_security_nonnok,True,85,12,2.3264750495168025
walk_forward,level_change,SONIA_15Y,SONIA,15Y,ZIRP_late,ZIRP,train,fd70b606868e,80,63,1991,0.598694123556002,1.0,0.024529991468840273,0.09616830719398507,0.1029606850384229,0.2379672346093779,0.0659705968535762,1.8529659339629503,0.03194362077071233,1.3670060372138644,0.08588890611340938,,,6.060284721727998e-19,32,pooled_v5,2026-06-30T13:39:18.419161+00:00,pooled,True,per_security_nonnok,True,85,12,2.3264750495168025
walk_forward,level_change,SONIA_1M,SONIA,1M,ZIRP_late,ZIRP,train,fd70b606868e,80,63,2708,0.4689807976366322,1.0,0.08286338128029702,0.14303508137098345,0.16115564375140326,0.14343337325397743,0.1124413762906894,1.3834485883514753,0.08326368049395882,1.1979617442857655,0.11551839368222938,,,0.9994200345590399,43,pooled_v5,2026-06-30T13:39:18.419161+00:00,pooled,True,per_security_nonnok,True,85,12,2.3264750495168025
walk_forward,level_change,SONIA_1W,SONIA,1W,ZIRP_late,ZIRP,train,fd70b606868e,80,63,2631,0.467882934245534,1.0,0.0914253515331025,0.14226201053511317,0.1622984564576207,0.14576467710146884,0.12345432211636242,1.3939521680031601,0.08166602460911443,1.2151399864436703,0.1122108898102283,,,0.999542315766901,42,pooled_v5,2026-06-30T13:39:18.419161+00:00,pooled,True,per_security_nonnok,True,85,12,2.3264750495168025
walk_forward,level_change,SONIA_1Y,SONIA,1Y,ZIRP_late,ZIRP,train,fd70b606868e,80,63,2702,0.5051813471502591,1.0,0.10205326146962523,0.15533397480260883,0.1788938060585862,0.18898224995770468,0.131697300063378,1.3954148083286693,0.08144539417486762,1.230083778149845,0.10938642951705684,,,0.30173701385948076,43,pooled_v5,2026-06-30T13:39:18.419161+00:00,pooled,True,per_security_nonnok,True,85,12,2.3264750495168025
walk_forward,level_change,SONIA_30Y,SONIA,30Y,ZIRP_late,ZIRP,train,fd70b606868e,80,63,2064,0.5915697674418605,1.0,0.0344273978222529,0.07596977213662673,0.08301988952795543,0.21232994141299827,0.08492082356908826,2.073772074234185,0.01905024193217808,1.5521748052018844,0.06038689398835519,0.0,0.5,4.3515216878500035e-17,33,pooled_v5,2026-06-30T13:39:18.419161+00:00,pooled,True,per_security_nonnok,True,85,12,2.3264750495168025
walk_forward,level_change,SONIA_3M,SONIA,3M,ZIRP_late,ZIRP,train,fd70b606868e,80,63,2669,0.48220307231172727,1.0,0.08593047039584356,0.154032049586546,0.17401959349572874,0.1507615788197732,0.1148580082717715,1.3605048828164084,0.08683510439254882,1.188929959158054,0.11728651838014013,,,0.9684411575123703,42,pooled_v5,2026-06-30T13:39:18.419161+00:00,pooled,True,per_security_nonnok,True,85,12,2.3264750495168025
walk_forward,level_change,SONIA_5Y,SONIA,5Y,ZIRP_late,ZIRP,train,fd70b606868e,80,63,2127,0.5768688293370945,1.0,0.04558576835713002,0.1456283855799131,0.16303610188918663,0.28144478243726995,0.10677215725573053,1.8811685531827032,0.029974497002323908,1.6294979850168057,0.05167789255038813,,,7.089889473794777e-13,34,pooled_v5,2026-06-30T13:39:18.419161+00:00,pooled,True,per_security_nonnok,True,85,12,2.3264750495168025
walk_forward,level_change,SONIA_6M,SONIA,6M,ZIRP_late,ZIRP,train,fd70b606868e,80,63,2681,0.4927265945542708,1.0,0.0952799352438124,0.15894486163102392,0.18130494051204774,0.16278772392476307,0.12332856908296985,1.3535745180403977,0.08793608057596325,1.1919202683440675,0.11669902168174622,,,0.7800948525778568,43,pooled_v5,2026-06-30T13:39:18.419161+00:00,pooled,True,per_security_nonnok,True,85,12,2.3264750495168025
walk_forward,level_change,SWE_10Y,SWE,10Y,ZIRP_late,ZIRP,train,fd70b606868e,80,63,2662,0.5909090909090909,1.0,0.041828922634774224,0.09904815322393945,0.10590463611570247,0.2407351122823259,0.06474204664914018,1.5512888348245304,0.06041624065607587,1.1284841103168604,0.12960862648198476,,,3.082430693368553e-21,42,pooled_v5,2026-06-30T13:39:18.419161+00:00,pooled,True,per_security_nonnok,True,85,12,2.3264750495168025
walk_forward,level_change,SWE_15Y,SWE,15Y,ZIRP_late,ZIRP,train,fd70b606868e,80,63,2534,0.5789265982636148,1.0,0.04517737512180442,0.09801212268934129,0.10525042352801896,0.23952380514174068,0.06877217778369082,1.6032566309184457,0.05443900359299303,1.1847222442746597,0.11811921486268051,9.5367431640625e-07,0.4999996195389934,9.903737011276566e-16,40,pooled_v5,2026-06-30T13:39:18.419161+00:00,pooled,True,per_security_nonnok,True,85,12,2.3264750495168025
walk_forward,level_change,SWE_1Y,SWE,1Y,ZIRP_late,ZIRP,train,fd70b606868e,80,63,2662,0.5634861006761833,1.0,0.08232237165367906,0.1545651865717874,0.17133291918294513,0.23164271359148775,0.09786638020947724,1.3968847819031578,0.08122411079761904,1.1967711551482922,0.11575118740776152,,,3.070531293197198e-11,42,pooled_v5,2026-06-30T13:39:18.419161+00:00,pooled,True,per_security_nonnok,True,85,12,2.3264750495168025
walk_forward,level_change,SWE_30Y,SWE,30Y,ZIRP_late,ZIRP,train,fd70b606868e,80,63,2602,0.5595695618754803,1.0,0.045293979459427036,0.10426060094553981,0.11087368803996925,0.24854255281503526,0.059645234242099554,1.4808423317252823,0.06932429658749828,1.0660631828941158,0.1432470131889433,9.5367431640625e-07,0.4999996195389934,6.613309968154059e-10,41,pooled_v5,2026-06-30T13:39:18.419161+00:00,pooled,True,per_security_nonnok,True,85,12,2.3264750495168025
walk_forward,level_change,SWE_5Y,SWE,5Y,ZIRP_late,ZIRP,train,fd70b606868e,80,63,2705,0.5966728280961183,1.0,0.04122372556018283,0.11388919330040095,0.12262163997134935,0.25017949734310674,0.07121456435412821,1.558978833465141,0.05950069500592592,1.2019206767794912,0.11474975631444265,,,3.831195300954043e-24,43,pooled_v5,2026-06-30T13:39:18.419161+00:00,pooled,True,per_security_nonnok,True,85,12,2.3264750495168025
walk_forward,level_change,SWZ_10Y,SWZ,10Y,ZIRP_late,ZIRP,train,fd70b606868e,80,63,1581,0.6173308032890575,1.0,-0.0006168772104513387,0.04382137019486053,0.046172425022137885,0.1635210736541451,0.05091902420438421,1.5177966178610411,0.06453283899573536,0.6915387942880518,0.24466430377950352,,,4.4555954057928884e-21,25,pooled_v5,2026-06-30T13:39:18.419161+00:00,pooled,True,per_security_nonnok,True,85,12,2.3264750495168025
walk_forward,level_change,SWZ_15Y,SWZ,15Y,ZIRP_late,ZIRP,train,fd70b606868e,80,63,1594,0.6060225846925973,1.0,-0.0003024297966585099,0.046541733377143575,0.048807065539523214,0.16791655845405393,0.046414020948364665,1.4546190989764467,0.07288737029776826,0.6350540195752131,0.26274219267910937,,,1.2024470255964006e-17,25,pooled_v5,2026-06-30T13:39:18.419161+00:00,pooled,True,per_security_nonnok,True,85,12,2.3264750495168025
walk_forward,level_change,SWZ_1Y,SWZ,1Y,ZIRP_late,ZIRP,train,fd70b606868e,80,63,1835,0.5095367847411444,1.0,-0.03524579982829823,0.018134293904517644,0.01790127051771117,0.09672656924750078,-0.01301714236293594,1.3283330451067052,0.0920340538387685,-0.15198949108976917,0.5603940292207463,,,0.21368654580598437,29,pooled_v5,2026-06-30T13:39:18.419161+00:00,pooled,True,per_security_nonnok,True,85,12,2.3264750495168025
walk_forward,level_change,SWZ_30Y,SWZ,30Y,ZIRP_late,ZIRP,train,fd70b606868e,80,63,1590,0.5584905660377358,1.0,-0.0036813714258236985,0.04906641021620648,0.05042737387421383,0.1737484245379953,0.026988588805003877,1.1903864126698842,0.11694727547099837,0.3641740562665296,0.3578882455500319,,,1.704202031340538e-06,25,pooled_v5,2026-06-30T13:39:18.419161+00:00,pooled,True,per_security_nonnok,True,85,12,2.3264750495168025
walk_forward,level_change,SWZ_3M,SWZ,3M,ZIRP_late,ZIRP,train,fd70b606868e,80,63,1833,0.524822695035461,1.0,-0.09600509532243051,0.010539735072806535,0.009860870594653574,0.06926868501649291,-0.06884427410709892,1.292569194504538,0.09808004989425134,-0.5725658298928034,0.7164955202989869,,,0.017756270399504392,29,pooled_v5,2026-06-30T13:39:18.419161+00:00,pooled,True,per_security_nonnok,True,85,12,2.3264750495168025
walk_forward,level_change,SWZ_5Y,SWZ,5Y,ZIRP_late,ZIRP,train,fd70b606868e,80,63,1660,0.6,1.0,0.004417374077349323,0.0373254134556649,0.0395012889939759,0.14513976979373808,0.055083659134334106,1.6550930632923764,0.048952810881314424,0.7556681255959974,0.22497773722403397,6.743495761743044e-07,0.4999997309734423,1.8050486835121665e-16,26,pooled_v5,2026-06-30T13:39:18.419161+00:00,pooled,True,per_security_nonnok,True,85,12,2.3264750495168025
walk_forward,level_change,SWZ_6M,SWZ,6M,ZIRP_late,ZIRP,train,fd70b606868e,80,63,1829,0.5139420448332422,1.0,-0.06499276747372962,0.013652651017230842,0.013099870787315471,0.08017155754516984,-0.0421973803322262,1.2837376103870055,0.09961688997950058,-0.42210614253329876,0.6635014088986864,,,0.12117151137438995,29,pooled_v5,2026-06-30T13:39:18.419161+00:00,pooled,True,per_security_nonnok,True,85,12,2.3264750495168025
walk_forward,level_change,TURK_10Y,TURK,10Y,ZIRP_late,ZIRP,train,fd70b606868e,80,63,912,0.6425438596491229,1.0,-0.08891907087121576,0.5956987970347111,0.6471212445175438,0.5760532692043732,0.07946338946292875,2.8624584042438688,0.002101842170462831,2.4691809822527566,0.006862360072834696,,,2.9382486899648205e-18,14,pooled_v5,2026-06-30T13:39:18.419161+00:00,pooled,True,per_security_nonnok,True,85,12,2.3264750495168025
walk_forward,level_change,TURK_1M,TURK,1M,ZIRP_late,ZIRP,train,fd70b606868e,80,63,719,0.13630041724617525,1.0,-0.13975927812249767,0.010651666576797131,0.009401947148817735,0.08162133692451562,-0.13292134152621182,1.1034023671995974,0.1349262345757103,-1.0623793138554591,0.855789644518886,0.0,0.5,1.0,11,pooled_v5,2026-06-30T13:39:18.419161+00:00,pooled,True,per_security_nonnok,True,85,12,2.3264750495168025
walk_forward,level_change,TURK_1Y,TURK,1Y,ZIRP_late,ZIRP,train,fd70b606868e,80,63,1210,0.5520661157024793,1.0,0.021138111125697523,10.934309452153805,11.306452024793389,1.848143757104073,0.03291417783611783,4.29066052728157,8.90712292977991e-06,4.0413840977831805,2.8246263300669994e-05,6.173236259039178,3.3453062542321277e-10,0.00016129039427945077,19,pooled_v5,2026-06-30T13:39:18.419161+00:00,pooled,True,per_security_nonnok,True,85,12,2.3264750495168025
walk_forward,level_change,TURK_3M,TURK,3M,ZIRP_late,ZIRP,train,fd70b606868e,80,63,719,0.08344923504867872,1.0,-0.38784334175729285,0.01204406007608414,0.008789986091794096,0.08525207499417775,-0.3702024042254046,-0.6515423136165492,0.7426517640623517,-2.4909566462677764,0.993517611490158,,,1.0,11,pooled_v5,2026-06-30T13:39:18.419161+00:00,pooled,True,per_security_nonnok,True,85,12,2.3264750495168025
walk_forward,level_change,TURK_5Y,TURK,5Y,ZIRP_late,ZIRP,train,fd70b606868e,80,63,912,0.6710526315789473,1.0,-0.0859144056811052,0.7348420877343966,0.7841142269736842,0.6545082938991356,0.06283796103209993,2.4733857599699105,0.006691979344741861,2.1565683736394634,0.01565019229113482,4.493117233315375,3.5094059986917614e-06,1.220407568732109e-25,14,pooled_v5,2026-06-30T13:39:18.419161+00:00,pooled,True,per_security_nonnok,True,85,12,2.3264750495168025
walk_forward,level_change,TURK_6M,TURK,6M,ZIRP_late,ZIRP,train,fd70b606868e,80,63,719,0.0890125173852573,1.0,-0.37772261141976804,0.012500751101204879,0.009179415855354593,0.0868257412218043,-0.36182424875248076,-0.6372507992583827,0.7380192533620785,-2.380451951691151,0.9912243048413192,,,1.0,11,pooled_v5,2026-06-30T13:39:18.419161+00:00,pooled,True,per_security_nonnok,True,85,12,2.3264750495168025
walk_forward,level_change,__POOL__,__ALL__,__ALL__,ZIRP_late,ZIRP,oos,fd70b606868e,80,63,60413,0.5361428831542879,1.0,0.023478981253204245,0.07328791678675556,0.07731754580840927,0.15681743520011043,0.052117911652796445,17.825681564309413,0.0,11.36948354931896,3.182368749946296e-30,3.814697265625e-06,0.49999847815597387,5.947850198254793e-71,959,pooled_v5,2026-06-30T13:39:18.419161+00:00,pooled,True,aggregate,True,88,12,2.3264750495168025
walk_forward,level_change,__POOL_NOR__,NOR,__ALL__,ZIRP_late,ZIRP,oos,fd70b606868e,80,63,3970,0.5309823677581864,1.0,-0.07400372960545365,0.029938906337313432,0.027877977134962217,0.13292338271970036,-0.0739267842990865,-0.009991370735160083,0.5039859139080143,-1.2456879066016007,0.893523737863759,,,5.021449427240308e-05,63,pooled_v5,2026-06-30T13:39:18.419161+00:00,pooled,True,aggregate_nor,True,5,12,2.3264750495168025
walk_forward,level_change,NOR_10Y,NOR,10Y,ZIRP_late,ZIRP,oos,fd70b606868e,80,63,782,0.5664961636828645,1.0,-0.04270260785337565,0.033973415195052356,0.03266297895140665,0.1423907267555556,-0.04011992432151601,0.2528876906454069,0.4001775009087529,-0.3797607135505425,0.6478868556845074,4.76837158203125e-07,0.49999980976949676,0.0001129070919185046,12,pooled_v5,2026-06-30T13:39:18.419161+00:00,pooled,True,per_security,True,88,12,2.3264750495168025
walk_forward,level_change,NOR_15Y,NOR,15Y,ZIRP_late,ZIRP,oos,fd70b606868e,80,63,782,0.5856777493606138,1.0,-0.03051545747621054,0.03312239170228572,0.03236462451432225,0.14229657981866764,-0.023413439807655756,0.4375779631500898,0.33084612436148597,-0.22153545789867202,0.5876332797020392,,,9.342777984682026e-07,12,pooled_v5,2026-06-30T13:39:18.419161+00:00,pooled,True,per_security,True,88,12,2.3264750495168025
walk_forward,level_change,NOR_1Y,NOR,1Y,ZIRP_late,ZIRP,oos,fd70b606868e,80,63,774,0.3850129198966408,1.0,-0.6632542426065406,0.01641249348322529,0.011538956550387598,0.0986580862749878,-0.42235508137639943,-1.6865668203150845,0.954156661791115,-2.5064777373034426,0.9938008257817671,,,0.9999999999485272,12,pooled_v5,2026-06-30T13:39:18.419161+00:00,pooled,True,per_security,True,88,12,2.3264750495168025
walk_forward,level_change,NOR_30Y,NOR,30Y,ZIRP_late,ZIRP,oos,fd70b606868e,80,63,782,0.5856777493606138,1.0,-0.021663176693454522,0.03452414986347925,0.034143380346035805,0.14554064052241386,-0.011152074387023925,0.5430233024325434,0.29355687921158646,-0.10789140601407964,0.5429452275870503,,,9.342777984682026e-07,12,pooled_v5,2026-06-30T13:39:18.419161+00:00,pooled,True,per_security,True,88,12,2.3264750495168025
walk_forward,level_change,NOR_5Y,NOR,5Y,ZIRP_late,ZIRP,oos,fd70b606868e,80,63,850,0.5305882352941177,1.0,-0.10601288763167016,0.03139692001901034,0.028462008841176473,0.13518378351858784,-0.10311679664675943,-0.30110418712745607,0.6183324758776259,-0.9317787136693175,0.8241421079652841,,,0.04009030410085538,13,pooled_v5,2026-06-30T13:39:18.419161+00:00,pooled,True,per_security,True,88,12,2.3264750495168025
walk_forward,level_change,AUS_10Y,AUS,10Y,ZIRP_late,ZIRP,oos,fd70b606868e,80,63,821,0.6516443361753959,1.0,-0.05918760463376649,0.05169617659593438,0.05912278045371498,0.18770193876630642,0.1256132374152229,2.140383830151073,0.016161880103057524,1.5353193780570649,0.06254556503056488,,,1.361439948777798e-18,13,pooled_v5,2026-06-30T13:39:18.419161+00:00,pooled,True,per_security_nonnok,True,88,12,2.3264750495168025
walk_forward,level_change,AUS_15Y,AUS,15Y,ZIRP_late,ZIRP,oos,fd70b606868e,80,63,812,0.646551724137931,1.0,-0.05895940709911085,0.051920697352106374,0.05920248294433498,0.18868940056472427,0.12299797626858477,2.1958935373030886,0.014049782209851092,1.5649586474206612,0.058991349160495754,,,2.7117860680926935e-17,13,pooled_v5,2026-06-30T13:39:18.419161+00:00,pooled,True,per_security_nonnok,True,88,12,2.3264750495168025
walk_forward,level_change,AUS_1Y,AUS,1Y,ZIRP_late,ZIRP,oos,fd70b606868e,80,63,829,0.5910735826296744,1.0,0.05158051857240076,0.020702292459552858,0.02572106828902292,0.10556541164930897,0.19512314858290492,1.7181295544532804,0.0428864935883726,1.1282892994583635,0.12976228751695837,,,8.77530689773287e-08,13,pooled_v5,2026-06-30T13:39:18.419161+00:00,pooled,True,per_security_nonnok,True,88,12,2.3264750495168025
walk_forward,level_change,AUS_30Y,AUS,30Y,ZIRP_late,ZIRP,oos,fd70b606868e,80,63,818,0.6540342298288508,1.0,-0.07599470144992715,0.046254989036907515,0.053646751096699266,0.1781908018654847,0.13778582875350576,2.5340127005139017,0.005638232229949414,1.8120999622884784,0.03516887780133952,,,4.519639605835587e-19,13,pooled_v5,2026-06-30T13:39:18.419161+00:00,pooled,True,per_security_nonnok,True,88,12,2.3264750495168025
walk_forward,level_change,AUS_5Y,AUS,5Y,ZIRP_late,ZIRP,oos,fd70b606868e,80,63,817,0.6328029375764994,1.0,-0.058377459514676655,0.04452658636891092,0.051447527458629135,0.17265134694806655,0.13452427029235947,2.081503451823201,0.018693924239222892,1.474555222609381,0.07035892693569484,,,1.46631118139896e-14,13,pooled_v5,2026-06-30T13:39:18.419161+00:00,pooled,True,per_security_nonnok,True,88,12,2.3264750495168025
walk_forward,level_change,BRAZ_1M,BRAZ,1M,ZIRP_late,ZIRP,oos,fd70b606868e,80,63,721,0.8363384188626907,1.0,-0.6327312221430359,0.4120026780009891,0.49465283123439674,0.4673515683192941,0.16708719330920585,3.245681747535813,0.0005858487292349501,2.85800787749745,0.0021930989715622743,0.0,0.5,1.6326308595877402e-79,11,pooled_v5,2026-06-30T13:39:18.419161+00:00,pooled,True,per_security_nonnok,True,88,12,2.3264750495168025
walk_forward,level_change,BRAZ_1Y,BRAZ,1Y,ZIRP_late,ZIRP,oos,fd70b606868e,80,63,715,0.793006993006993,1.0,-0.22837862132417164,0.4616061064691885,0.5124000972167831,0.5339521735820321,0.09912954939605534,2.7345168032961804,0.0031235953357527935,2.3141379092582905,0.010471564842252186,,,6.435357067214896e-59,11,pooled_v5,2026-06-30T13:39:18.419161+00:00,pooled,True,per_security_nonnok,True,88,12,2.3264750495168025
walk_forward,level_change,BRAZ_3M,BRAZ,3M,ZIRP_late,ZIRP,oos,fd70b606868e,80,63,717,0.8312412831241283,1.0,-0.5666090171310973,0.39751468700563364,0.4747171126359833,0.47693144437384744,0.1626282760308856,3.1301663344384862,0.0008735367387630033,2.743065414335779,0.0031195331650792683,,,1.5935384860214107e-76,11,pooled_v5,2026-06-30T13:39:18.419161+00:00,pooled,True,per_security_nonnok,True,88,12,2.3264750495168025
walk_forward,level_change,BRAZ_6M,BRAZ,6M,ZIRP_late,ZIRP,oos,fd70b606868e,80,63,715,0.8321678321678322,1.0,-0.42174837683789557,0.4025692961802734,0.46935121141258734,0.4983003018121077,0.1422855925551425,2.994568129918406,0.0013741683503156743,2.5963557099746484,0.004807829689520023,,,8.939155905622642e-77,11,pooled_v5,2026-06-30T13:39:18.419161+00:00,pooled,True,per_security_nonnok,True,88,12,2.3264750495168025
walk_forward,level_change,CAN_10Y,CAN,10Y,ZIRP_late,ZIRP,oos,fd70b606868e,80,63,780,0.5038461538461538,1.0,-0.08077470772807782,0.0616424827977166,0.05703547275641025,0.20670260291905743,-0.08077446926726073,0.055169558795939364,0.47800169027420103,-0.6798131235368725,0.7515876219566164,,,0.4289648583016835,12,pooled_v5,2026-06-30T13:39:18.419161+00:00,pooled,True,per_security_nonnok,True,88,12,2.3264750495168025
walk_forward,level_change,CAN_1M,CAN,1M,ZIRP_late,ZIRP,oos,fd70b606868e,80,63,726,0.29201101928374656,1.0,-1.0714170817038755,0.023674328278379137,0.016429448347107432,0.11342036475949296,-0.4409691535715645,-3.057509998896699,0.998884079023258,-3.7428541676900817,0.9999018294469032,,,1.0,12,pooled_v5,2026-06-30T13:39:18.419161+00:00,pooled,True,per_security_nonnok,True,88,12,2.3264750495168025
walk_forward,level_change,CAN_1W,CAN,1W,ZIRP_late,ZIRP,oos,fd70b606868e,80,63,725,0.25655172413793104,1.0,-0.948358565147317,0.025375216241028266,0.017914822758620694,0.11314197383257849,-0.41643691276920936,-3.007983939686806,0.9986850648216954,-3.6557128748795735,0.9998624875499684,,,1.0,12,pooled_v5,2026-06-30T13:39:18.419161+00:00,pooled,True,per_security_nonnok,True,88,12,2.3264750495168025
walk_forward,level_change,CAN_1Y,CAN,1Y,ZIRP_late,ZIRP,oos,fd70b606868e,80,63,740,0.39594594594594595,1.0,-0.2963839822811445,0.043725728009506235,0.03745650935810811,0.16013333458204526,-0.1673732752686694,-1.4307044015879995,0.9237425243941966,-1.8576742812228753,0.9681935795022132,,,0.9999999946243902,12,pooled_v5,2026-06-30T13:39:18.419161+00:00,pooled,True,per_security_nonnok,True,88,12,2.3264750495168025
walk_forward,level_change,CAN_3M,CAN,3M,ZIRP_late,ZIRP,oos,fd70b606868e,80,63,730,0.3589041095890411,1.0,-0.8572600996374331,0.02485954825861755,0.018030515068493153,0.11756935909563958,-0.3787486471785586,-2.6121199523579577,0.9955008661917719,-3.2548387511636876,0.9994065200817047,,,0.9999999999999939,12,pooled_v5,2026-06-30T13:39:18.419161+00:00,pooled,True,per_security_nonnok,True,88,12,2.3264750495168025
walk_forward,level_change,CAN_5Y,CAN,5Y,ZIRP_late,ZIRP,oos,fd70b606868e,80,63,779,0.4685494223363286,1.0,-0.08702021908082846,0.06782817032631215,0.06294579483311939,0.21055985209683856,-0.07756476038052762,-0.46444276190868533,0.6788347204565282,-0.8661980204108762,0.8066756897174352,,,0.9634222752740124,12,pooled_v5,2026-06-30T13:39:18.419161+00:00,pooled,True,per_security_nonnok,True,88,12,2.3264750495168025
walk_forward,level_change,CAN_6M,CAN,6M,ZIRP_late,ZIRP,oos,fd70b606868e,80,63,742,0.37735849056603776,1.0,-0.5459266264882163,0.03188550243561027,0.025131036617924526,0.13249925562656875,-0.26876988483905895,-2.0935555819324647,0.9818502060620499,-2.6154582344966832,0.9954539618882392,,,0.9999999999927187,12,pooled_v5,2026-06-30T13:39:18.419161+00:00,pooled,True,per_security_nonnok,True,88,12,2.3264750495168025
walk_forward,level_change,CHIN_10Y,CHIN,10Y,ZIRP_late,ZIRP,oos,fd70b606868e,80,63,646,0.5975232198142415,1.0,-0.021591843373879982,0.04197285810110766,0.046471597012383896,0.17071598320739,0.09680620423002462,1.8317389055451787,0.03349516465852853,1.1029576702478627,0.13522844790664854,0.0,0.5,4.049374835341015e-07,10,pooled_v5,2026-06-30T13:39:18.419161+00:00,pooled,True,per_security_nonnok,True,88,12,2.3264750495168025
walk_forward,level_change,CHIN_1M,CHIN,1M,ZIRP_late,ZIRP,oos,fd70b606868e,80,63,307,0.5504885993485342,1.0,-0.0074425053135180885,0.08636107269415678,0.08953322475570032,0.21081408827914477,0.03542988728708296,1.2513580645221791,0.10540193492284189,0.4975988238135433,0.309562105785753,,,0.043348024791610644,5,pooled_v5,2026-06-30T13:39:18.419161+00:00,pooled,True,per_security_nonnok,True,88,12,2.3264750495168025
walk_forward,level_change,CHIN_1Y,CHIN,1Y,ZIRP_late,ZIRP,oos,fd70b606868e,80,63,686,0.597667638483965,1.0,0.007540235104073756,0.037145388688300716,0.03988572307580176,0.15965676848721572,0.06870464357116224,1.2617533088721555,0.10351878398605585,0.6444776777316349,0.2597407403067718,0.0,0.5,1.757894817491471e-07,11,pooled_v5,2026-06-30T13:39:18.419161+00:00,pooled,True,per_security_nonnok,True,88,12,2.3264750495168025
walk_forward,level_change,CHIN_3M,CHIN,3M,ZIRP_late,ZIRP,oos,fd70b606868e,80,63,253,0.4782608695652174,1.0,-0.0584597341532751,0.059235787444463534,0.056121398300395246,0.19948427420170176,-0.05549379093154827,-0.20525057130725707,0.5813118198927841,-0.374224103334131,0.645723859493794,,,0.7746729708161746,4,pooled_v5,2026-06-30T13:39:18.419161+00:00,pooled,True,per_security_nonnok,True,88,12,2.3264750495168025
walk_forward,level_change,CHIN_5Y,CHIN,5Y,ZIRP_late,ZIRP,oos,fd70b606868e,80,63,680,0.5735294117647058,1.0,-0.00692766924332866,0.040555075318430556,0.04406206941176471,0.1678824694569409,0.07959213310116964,1.497892661131767,0.067080570363516,0.8367598503501454,0.20151098007067328,,,7.154491177132136e-05,11,pooled_v5,2026-06-30T13:39:18.419161+00:00,pooled,True,per_security_nonnok,True,88,12,2.3264750495168025
walk_forward,level_change,CHIN_6M,CHIN,6M,ZIRP_late,ZIRP,oos,fd70b606868e,80,63,497,0.6297786720321932,1.0,-0.006299905907722003,0.042257923418069054,0.044347161247484904,0.16535515851443805,0.047110971044044825,1.0400713852607906,0.14915336836426685,0.445448488775241,0.32809501491508913,,,3.890821558932874e-09,8,pooled_v5,2026-06-30T13:39:18.419161+00:00,pooled,True,per_security_nonnok,True,88,12,2.3264750495168025
walk_forward,level_change,EUR_10Y,EUR,10Y,ZIRP_late,ZIRP,oos,fd70b606868e,80,63,741,0.5641025641025641,1.0,0.006227640316089134,0.030530008774450335,0.03238371344426451,0.14122826888849377,0.05724188095366456,1.0821621055863297,0.13959025170524542,0.463245919010035,0.3216621571031136,,,0.0002726633468106727,12,pooled_v5,2026-06-30T13:39:18.419161+00:00,pooled,True,per_security_nonnok,True,88,12,2.3264750495168025
walk_forward,level_change,EUR_15Y,EUR,15Y,ZIRP_late,ZIRP,oos,fd70b606868e,80,63,751,0.5712383488681758,1.0,0.007891849119558536,0.03477337497941336,0.03761329342503329,0.14646528311696255,0.0755030519005242,1.2734975719011443,0.10142076681507173,0.6699036869153941,0.2515626914343194,,,5.3524958885885886e-05,12,pooled_v5,2026-06-30T13:39:18.419161+00:00,pooled,True,per_security_nonnok,True,88,12,2.3264750495168025
walk_forward,level_change,EUR_1Y,EUR,1Y,ZIRP_late,ZIRP,oos,fd70b606868e,80,63,747,0.5327978580990629,1.0,-0.4934393888916522,0.004032144269442162,0.0027654509032128513,0.05336216623091475,-0.4580422544322478,0.6780120788155167,0.24888201735979143,-1.106457756794747,0.8655574471121517,,,0.0394898634194531,12,pooled_v5,2026-06-30T13:39:18.419161+00:00,pooled,True,per_security_nonnok,True,88,12,2.3264750495168025
walk_forward,level_change,EUR_30Y,EUR,30Y,ZIRP_late,ZIRP,oos,fd70b606868e,80,63,756,0.5687830687830688,1.0,0.006066169463527338,0.03719228518264217,0.04050025368584656,0.145783286815456,0.08167772303017473,1.3784822103534786,0.08402722831925913,0.7721106335767032,0.22014525783832353,,,8.789274986652383e-05,12,pooled_v5,2026-06-30T13:39:18.419161+00:00,pooled,True,per_security_nonnok,True,88,12,2.3264750495168025
walk_forward,level_change,EUR_5Y,EUR,5Y,ZIRP_late,ZIRP,oos,fd70b606868e,80,63,745,0.5624161073825503,1.0,-0.03211871754589013,0.019662888366378455,0.019447486864429528,0.11336021706167322,-0.011076058487686113,0.6702984123741967,0.2513337894983315,-0.0701614706938622,0.5279580028333428,,,0.0003696862914247851,12,pooled_v5,2026-06-30T13:39:18.419161+00:00,pooled,True,per_security_nonnok,True,88,12,2.3264750495168025
walk_forward,level_change,JPY_10Y,JPY,10Y,ZIRP_late,ZIRP,oos,fd70b606868e,80,63,739,0.4803788903924222,1.0,-0.3945103302743531,0.005998118247582693,0.004325017546332882,0.06425013679200967,-0.3868425233715891,0.3519938564727101,0.36242143492161916,-1.2006124093879837,0.8848565976846071,,,0.8651155156716622,12,pooled_v5,2026-06-30T13:39:18.419161+00:00,pooled,True,per_security_nonnok,True,88,12,2.3264750495168025
walk_forward,level_change,JPY_15Y,JPY,15Y,ZIRP_late,ZIRP,oos,fd70b606868e,80,63,699,0.4949928469241774,1.0,-0.23206401406362187,0.007255637853020617,0.0059838210948698145,0.07136151170117899,-0.21254257739108984,0.5952929666166306,0.2758238282559955,-0.7490794998376384,0.7729691753746482,,,0.6188854724301449,11,pooled_v5,2026-06-30T13:39:18.419161+00:00,pooled,True,per_security_nonnok,True,88,12,2.3264750495168025
walk_forward,level_change,JPY_1M,JPY,1M,ZIRP_late,ZIRP,oos,fd70b606868e,80,63,782,0.5447570332480819,1.0,-25.185598525836536,0.002014847650248505,7.706328134782609e-05,0.04401285520431666,-25.145365406314127,0.21108820733501407,0.4164092210469289,-12.636385887226002,1.0,,,0.006778795443935029,12,pooled_v5,2026-06-30T13:39:18.419161+00:00,pooled,True,per_security_nonnok,True,88,12,2.3264750495168025
walk_forward,level_change,JPY_1W,JPY,1W,ZIRP_late,ZIRP,oos,fd70b606868e,80,63,772,0.4883419689119171,1.0,-18.16191581407858,0.0021118899805070103,0.0001102243805699482,0.044738017572947424,-18.159916976506015,-0.06433318699775323,0.5256475356127602,-12.249898949855226,1.0,,,0.7529446961590494,12,pooled_v5,2026-06-30T13:39:18.419161+00:00,pooled,True,per_security_nonnok,True,88,12,2.3264750495168025
walk_forward,level_change,JPY_1Y,JPY,1Y,ZIRP_late,ZIRP,oos,fd70b606868e,80,63,772,0.6256476683937824,1.0,-2.0777050656431117,0.0026380161791594438,0.0008627855538678756,0.04373204847353388,-2.057557196377701,0.3579635063717559,0.36018531201890724,-2.820496868129472,0.9975409558065146,,,1.4501227499334809e-12,12,pooled_v5,2026-06-30T13:39:18.419161+00:00,pooled,True,per_security_nonnok,True,88,12,2.3264750495168025
walk_forward,level_change,JPY_30Y,JPY,30Y,ZIRP_late,ZIRP,oos,fd70b606868e,80,63,696,0.521551724137931,1.0,-0.0804017115800173,0.011494225350168146,0.010949512051873563,0.08985721377755891,-0.049747723525394694,0.7940205319917121,0.21359173926734853,-0.23108903782267126,0.5913431779449263,,,0.13582529671574659,11,pooled_v5,2026-06-30T13:39:18.419161+00:00,pooled,True,per_security_nonnok,True,88,12,2.3264750495168025
walk_forward,level_change,JPY_3M,JPY,3M,ZIRP_late,ZIRP,oos,fd70b606868e,80,63,782,0.6074168797953964,1.0,-8.590335450640358,0.0021158554842337744,0.00022130905213427107,0.04352369963841273,-8.560636873317128,0.2709142461097265,0.3932284939107501,-6.603057986466095,0.9999999999628012,,,1.021572366528059e-09,12,pooled_v5,2026-06-30T13:39:18.419161+00:00,pooled,True,per_security_nonnok,True,88,12,2.3264750495168025
walk_forward,level_change,JPY_5Y,JPY,5Y,ZIRP_late,ZIRP,oos,fd70b606868e,80,63,725,0.5227586206896552,1.0,-0.6077093816085986,0.004666912837060899,0.002926218590587586,0.054680402962997365,-0.5948613176310185,0.40932854283710873,0.3411492858312597,-1.499844908766881,0.9329547481228997,,,0.11731699859057249,12,pooled_v5,2026-06-30T13:39:18.419161+00:00,pooled,True,per_security_nonnok,True,88,12,2.3264750495168025
walk_forward,level_change,JPY_6M,JPY,6M,ZIRP_late,ZIRP,oos,fd70b606868e,80,63,768,0.625,1.0,-4.388391533984923,0.0022427364356220367,0.00041894865771614586,0.04275338952214457,-4.3532488869831365,0.36433144626123154,0.3578052602079339,-4.238147804554899,0.9999873593970946,,,2.138759607248128e-12,12,pooled_v5,2026-06-30T13:39:18.419161+00:00,pooled,True,per_security_nonnok,True,88,12,2.3264750495168025
walk_forward,level_change,NEWZ_10Y,NEWZ,10Y,ZIRP_late,ZIRP,oos,fd70b606868e,80,63,840,0.6976190476190476,1.0,-0.09598680987181596,0.058789280252650095,0.06815770876595238,0.1959485214866343,0.13745222195588547,2.4771045631831714,0.0066226545732914754,1.861321769875085,0.03152414717463162,,,2.7224347440285677e-31,13,pooled_v5,2026-06-30T13:39:18.419161+00:00,pooled,True,per_security_nonnok,True,88,12,2.3264750495168025
walk_forward,level_change,NEWZ_15Y,NEWZ,15Y,ZIRP_late,ZIRP,oos,fd70b606868e,80,63,843,0.6868327402135231,1.0,-0.09459093773519722,0.06279953110932338,0.07231367758600238,0.20015497920464367,0.13156773095053653,2.4543538548991966,0.0070569010562874235,1.8515087517552784,0.032223170801260595,,,3.496774684558442e-28,13,pooled_v5,2026-06-30T13:39:18.419161+00:00,pooled,True,per_security_nonnok,True,88,12,2.3264750495168025
walk_forward,level_change,NEWZ_1Y,NEWZ,1Y,ZIRP_late,ZIRP,oos,fd70b606868e,80,63,866,0.6928406466512702,1.0,0.01860691724243546,0.020306587408455184,0.02436349375554273,0.1023111649468025,0.1665157874233285,1.7793158093311063,0.037594000250195325,1.0574712969812756,0.14529588691974493,,,1.0224123383983776e-30,14,pooled_v5,2026-06-30T13:39:18.419161+00:00,pooled,True,per_security_nonnok,True,88,12,2.3264750495168025
walk_forward,level_change,NEWZ_30Y,NEWZ,30Y,ZIRP_late,ZIRP,oos,fd70b606868e,80,63,771,0.7237354085603113,1.0,-0.0733607541107586,0.061591346304865534,0.07295069471400778,0.19066149241446828,0.15571268311665654,3.0719459274519716,0.001063341229537329,2.1567508792183756,0.015666982547669794,,,9.377566295061297e-37,12,pooled_v5,2026-06-30T13:39:18.419161+00:00,pooled,True,per_security_nonnok,True,88,12,2.3264750495168025
walk_forward,level_change,NEWZ_5Y,NEWZ,5Y,ZIRP_late,ZIRP,oos,fd70b606868e,80,63,865,0.6855491329479769,1.0,-0.0813413648291752,0.04598366812206072,0.05368675305260116,0.17062640100788934,0.14348204151949961,2.4287684164123235,0.007575103015301399,1.7626441709782352,0.039157018721598234,,,1.7122700171703455e-28,14,pooled_v5,2026-06-30T13:39:18.419161+00:00,pooled,True,per_security_nonnok,True,88,12,2.3264750495168025
walk_forward,level_change,POL_10Y,POL,10Y,ZIRP_late,ZIRP,oos,fd70b606868e,80,63,749,0.5287049399198932,1.0,-0.0055765953976028015,0.04595852161805015,0.049663891201602146,0.17351406965539837,0.07460892600039493,1.4921562390337468,0.06782909571586604,0.8696843198403752,0.19237596438116997,0.0,0.5,0.062406901124230696,12,pooled_v5,2026-06-30T13:39:18.419161+00:00,pooled,True,per_security_nonnok,True,88,12,2.3264750495168025
walk_forward,level_change,POL_15Y,POL,15Y,ZIRP_late,ZIRP,oos,fd70b606868e,80,63,745,0.5449664429530201,1.0,-0.013910500305072127,0.05290792465271218,0.05780962375838926,0.18288510165300942,0.08479036511573479,1.6264446088810822,0.05192755384557235,1.0375886761966377,0.14989934462868848,,,0.007773765196621725,12,pooled_v5,2026-06-30T13:39:18.419161+00:00,pooled,True,per_security_nonnok,True,88,12,2.3264750495168025
walk_forward,level_change,POL_1Y,POL,1Y,ZIRP_late,ZIRP,oos,fd70b606868e,80,63,747,0.5461847389558233,1.0,-1.5308886079589454,0.0027588641429166214,0.0011144507228915662,0.043660104565727345,-1.4755371289620074,0.8607234570281354,0.19469518532836338,-3.134360657773426,0.9991051202766701,,,0.006397325091975261,12,pooled_v5,2026-06-30T13:39:18.419161+00:00,pooled,True,per_security_nonnok,True,88,12,2.3264750495168025
walk_forward,level_change,POL_5Y,POL,5Y,ZIRP_late,ZIRP,oos,fd70b606868e,80,63,751,0.525965379494008,1.0,-0.008662051111875124,0.030601773767382438,0.031843031717709726,0.14207343071059444,0.03898052048972944,1.1500781564897073,0.125055841104599,0.3919758886549897,0.3475936914528537,,,0.0827541902499322,12,pooled_v5,2026-06-30T13:39:18.419161+00:00,pooled,True,per_security_nonnok,True,88,12,2.3264750495168025
walk_forward,level_change,SOFR_10Y,SOFR,10Y,ZIRP_late,ZIRP,oos,fd70b606868e,80,63,779,0.5288831835686778,1.0,-0.0022158084126531197,0.06406394857894643,0.06575897059139924,0.20490775989136895,0.02577628568708923,0.7650379798512938,0.22212446454086232,0.3116138940848579,0.37770872890592017,,,0.057430660142062655,12,pooled_v5,2026-06-30T13:39:18.419161+00:00,pooled,True,per_security_nonnok,True,88,12,2.3264750495168025
walk_forward,level_change,SOFR_1M,SOFR,1M,ZIRP_late,ZIRP,oos,fd70b606868e,80,63,776,0.32603092783505155,1.0,-0.16009812225706677,0.040124643885873515,0.036831516469072165,0.1660436566971972,-0.08941058453475903,-0.331891590030175,0.6300144395049769,-0.6998226949339508,0.7578759785686144,,,1.0,12,pooled_v5,2026-06-30T13:39:18.419161+00:00,pooled,True,per_security_nonnok,True,88,12,2.3264750495168025
walk_forward,level_change,SOFR_1W,SOFR,1W,ZIRP_late,ZIRP,oos,fd70b606868e,80,63,739,0.35859269282814615,1.0,-0.049896527705715954,0.1320534911164574,0.12796980902232746,0.2019664629556249,-0.031911293181795974,-0.5102998193954483,0.6950792853710637,-0.8316396893409033,0.7970593243068129,,,0.9999999999999963,12,pooled_v5,2026-06-30T13:39:18.419161+00:00,pooled,True,per_security_nonnok,True,88,12,2.3264750495168025
walk_forward,level_change,SOFR_1Y,SOFR,1Y,ZIRP_late,ZIRP,oos,fd70b606868e,80,63,796,0.39195979899497485,1.0,-0.019250798003659364,0.04388483915800996,0.043503033010804014,0.17651945404377417,-0.008776540870406135,0.30313589755500403,0.3808931490522618,-0.07627603153604484,0.530390657531034,,,0.9999999996263313,13,pooled_v5,2026-06-30T13:39:18.419161+00:00,pooled,True,per_security_nonnok,True,88,12,2.3264750495168025
walk_forward,level_change,SOFR_30Y,SOFR,30Y,ZIRP_late,ZIRP,oos,fd70b606868e,80,63,757,0.5323645970937912,1.0,-0.0012200540610440846,0.057612918522756525,0.05897416903936592,0.18937929719957208,0.0230821483165069,0.7823890258608646,0.21699299061431143,0.2730959794694564,0.3924270102673719,,,0.04049396211550316,12,pooled_v5,2026-06-30T13:39:18.419161+00:00,pooled,True,per_security_nonnok,True,88,12,2.3264750495168025
walk_forward,level_change,SOFR_3M,SOFR,3M,ZIRP_late,ZIRP,oos,fd70b606868e,80,63,796,0.33291457286432163,1.0,-0.052280820025776054,0.12451257003583978,0.12097283947085427,0.20159066365266864,-0.029260539642357752,-0.46669716255335003,0.6796417199440025,-0.8407475145516945,0.799628905856036,,,1.0,13,pooled_v5,2026-06-30T13:39:18.419161+00:00,pooled,True,per_security_nonnok,True,88,12,2.3264750495168025
walk_forward,level_change,SOFR_5Y,SOFR,5Y,ZIRP_late,ZIRP,oos,fd70b606868e,80,63,791,0.5018963337547409,1.0,-0.005969701731150856,0.06579773899887319,0.06625869191630847,0.21270629560834087,0.006956867153633417,0.47574087384732583,0.3171294987363862,0.08284115442719214,0.46699941506019377,,,0.471657354629845,13,pooled_v5,2026-06-30T13:39:18.419161+00:00,pooled,True,per_security_nonnok,True,88,12,2.3264750495168025
walk_forward,level_change,SOFR_6M,SOFR,6M,ZIRP_late,ZIRP,oos,fd70b606868e,80,63,794,0.35642317380352645,1.0,-0.03554977261672865,0.11539011699959281,0.11288877104798489,0.19801096093370948,-0.022157615220602223,-0.20820228256055087,0.5824644867910497,-0.5808167971931224,0.7192355219488491,,,0.9999999999999999,13,pooled_v5,2026-06-30T13:39:18.419161+00:00,pooled,True,per_security_nonnok,True,88,12,2.3264750495168025
walk_forward,level_change,SONIA_10Y,SONIA,10Y,ZIRP_late,ZIRP,oos,fd70b606868e,80,63,738,0.5785907859078591,1.0,-0.014869282646986282,0.03421759771886296,0.034350475030081304,0.15026707325228666,0.0038682816206175863,0.6923078470037306,0.2443720116294441,0.03661048450293029,0.48540274869527983,,,1.1108069096689417e-05,12,pooled_v5,2026-06-30T13:39:18.419161+00:00,pooled,True,per_security_nonnok,True,88,12,2.3264750495168025
walk_forward,level_change,SONIA_15Y,SONIA,15Y,ZIRP_late,ZIRP,oos,fd70b606868e,80,63,738,0.5853658536585366,1.0,-0.0029049723176344244,0.03507442371396048,0.03629479544552845,0.15249830658044755,0.03362387682827739,1.0351579748638164,0.15029757066578497,0.3389774071965114,0.3673616541412546,,,1.994980359515986e-06,12,pooled_v5,2026-06-30T13:39:18.419161+00:00,pooled,True,per_security_nonnok,True,88,12,2.3264750495168025
walk_forward,level_change,SONIA_1M,SONIA,1M,ZIRP_late,ZIRP,oos,fd70b606868e,80,63,749,0.3324432576769025,1.0,-0.8957358954360977,0.010535868415536455,0.006263240104806407,0.0730845592419041,-0.6821753979144491,-1.7263347576500165,0.9578563971287407,-2.8917038411731166,0.998028636485522,,,1.0,12,pooled_v5,2026-06-30T13:39:18.419161+00:00,pooled,True,per_security_nonnok,True,88,12,2.3264750495168025
walk_forward,level_change,SONIA_1W,SONIA,1W,ZIRP_late,ZIRP,oos,fd70b606868e,80,63,745,0.34496644295302015,1.0,-0.8337744663498756,0.01130188259061094,0.006912694719731544,0.07167688965373871,-0.634946001354715,-1.766257096918439,0.9613236370717779,-2.895452543090807,0.9980514690942729,,,1.0,12,pooled_v5,2026-06-30T13:39:18.419161+00:00,pooled,True,per_security_nonnok,True,88,12,2.3264750495168025
walk_forward,level_change,SONIA_1Y,SONIA,1Y,ZIRP_late,ZIRP,oos,fd70b606868e,80,63,748,0.4505347593582888,1.0,-0.40582279918042463,0.012913010481891515,0.009471961602941177,0.08915972164774483,-0.36328788303806503,-0.9117965181438011,0.8190620781901068,-1.9082752833763967,0.9716306433429613,,,0.9969677233570237,12,pooled_v5,2026-06-30T13:39:18.419161+00:00,pooled,True,per_security_nonnok,True,88,12,2.3264750495168025
walk_forward,level_change,SONIA_30Y,SONIA,30Y,ZIRP_late,ZIRP,oos,fd70b606868e,80,63,738,0.5934959349593496,1.0,0.0011134855084532491,0.03581554727169285,0.037639410120325206,0.15353016117371193,0.04845620169927878,1.228647101538896,0.10960207373697495,0.5130479787022302,0.3040357520020744,,,2.1280779809676977e-07,12,pooled_v5,2026-06-30T13:39:18.419161+00:00,pooled,True,per_security_nonnok,True,88,12,2.3264750495168025
walk_forward,level_change,SONIA_3M,SONIA,3M,ZIRP_late,ZIRP,oos,fd70b606868e,80,63,751,0.38615179760319573,1.0,-1.0020953365080651,0.00957384438386547,0.005422257043941411,0.07575453248835912,-0.7656566824995614,-1.8596915857431044,0.9685354134147501,-3.191152745278971,0.9992619473661865,,,0.9999999998546206,12,pooled_v5,2026-06-30T13:39:18.419161+00:00,pooled,True,per_security_nonnok,True,88,12,2.3264750495168025
walk_forward,level_change,SONIA_5Y,SONIA,5Y,ZIRP_late,ZIRP,oos,fd70b606868e,80,63,736,0.5407608695652174,1.0,-0.06777588905397058,0.02946195508559077,0.027603478393342384,0.13521493767868403,-0.06732762682172067,0.08576424530190847,0.46582691491567274,-0.5426582370578988,0.7062351817077985,,,0.014789259184641163,12,pooled_v5,2026-06-30T13:39:18.419161+00:00,pooled,True,per_security_nonnok,True,88,12,2.3264750495168025
walk_forward,level_change,SONIA_6M,SONIA,6M,ZIRP_late,ZIRP,oos,fd70b606868e,80,63,750,0.396,1.0,-0.7790505705194757,0.00979986420979863,0.005973790186266667,0.07777111842456975,-0.6404768001942627,-1.5046445505979797,0.9337922570131706,-2.7914102938626106,0.9973092393214917,,,0.9999999956281256,12,pooled_v5,2026-06-30T13:39:18.419161+00:00,pooled,True,per_security_nonnok,True,88,12,2.3264750495168025
walk_forward,level_change,SWE_10Y,SWE,10Y,ZIRP_late,ZIRP,oos,fd70b606868e,80,63,774,0.6072351421188631,1.0,-0.0017700863389142896,0.032280574480385696,0.03370456264857881,0.14633205865228824,0.04224912167056871,1.0340944651053618,0.15054600177310262,0.3818875611118416,0.35132486210908237,0.0,0.5,1.3164303725707909e-09,12,pooled_v5,2026-06-30T13:39:18.419161+00:00,pooled,True,per_security_nonnok,True,88,12,2.3264750495168025
walk_forward,level_change,SWE_15Y,SWE,15Y,ZIRP_late,ZIRP,oos,fd70b606868e,80,63,773,0.6209573091849935,1.0,0.0018461764469009934,0.03178005570809063,0.034720580996119015,0.1456005357555091,0.08469113141733053,1.494176698642365,0.06756472061861962,0.7952556103446434,0.21335462999625934,,,8.950610394514413e-12,12,pooled_v5,2026-06-30T13:39:18.419161+00:00,pooled,True,per_security_nonnok,True,88,12,2.3264750495168025
walk_forward,level_change,SWE_1Y,SWE,1Y,ZIRP_late,ZIRP,oos,fd70b606868e,80,63,758,0.32189973614775724,1.0,-1.2791724561385367,0.012125385472469235,0.006728075442612136,0.08826620367435006,-0.8022071208764008,-2.4453361770952,0.992764141104503,-3.576469800962915,0.9998148013538114,,,1.0,12,pooled_v5,2026-06-30T13:39:18.419161+00:00,pooled,True,per_security_nonnok,True,88,12,2.3264750495168025
walk_forward,level_change,SWE_30Y,SWE,30Y,ZIRP_late,ZIRP,oos,fd70b606868e,80,63,773,0.6455368693402329,1.0,-0.01694656783734505,0.031298638212862426,0.03599521906856404,0.14449183178766886,0.13047790726750463,2.1221653739224156,0.016911926582920733,1.341025430501456,0.09015330451128555,,,2.4493237008566924e-16,12,pooled_v5,2026-06-30T13:39:18.419161+00:00,pooled,True,per_security_nonnok,True,88,12,2.3264750495168025
walk_forward,level_change,SWE_5Y,SWE,5Y,ZIRP_late,ZIRP,oos,fd70b606868e,80,63,759,0.5691699604743083,1.0,-0.07795387841627743,0.028053831389158252,0.02602888461765481,0.1302637090960306,-0.0777961407585619,0.012108489335785197,0.49516952968943506,-0.6280241749077503,0.7349113676424341,,,7.82599526202265e-05,12,pooled_v5,2026-06-30T13:39:18.419161+00:00,pooled,True,per_security_nonnok,True,88,12,2.3264750495168025
walk_forward,level_change,SWZ_10Y,SWZ,10Y,ZIRP_late,ZIRP,oos,fd70b606868e,80,63,761,0.5532194480946123,1.0,-0.043448000840143,0.026949884730198416,0.026164162286465176,0.12893943980516334,-0.03003048349611026,0.5690954278670353,0.284645690505688,-0.2243053057737459,0.5887099824054258,,,0.0018518127445897453,12,pooled_v5,2026-06-30T13:39:18.419161+00:00,pooled,True,per_security_nonnok,True,88,12,2.3264750495168025
walk_forward,level_change,SWZ_15Y,SWZ,15Y,ZIRP_late,ZIRP,oos,fd70b606868e,80,63,760,0.5526315789473685,1.0,-0.026674484007440658,0.029936576285091523,0.02977240545631579,0.13417134812484133,-0.005514194310453524,0.736171890109789,0.23081304841267958,-0.04415950732972701,0.517605563069703,0.0,0.5,0.00206599201540532,12,pooled_v5,2026-06-30T13:39:18.419161+00:00,pooled,True,per_security_nonnok,True,88,12,2.3264750495168025
walk_forward,level_change,SWZ_1M,SWZ,1M,ZIRP_late,ZIRP,oos,fd70b606868e,80,63,578,0.39965397923875434,1.0,-2.224963232281651,0.003762907024228372,0.0011684008491349481,0.053511418732959504,-2.2205616993639854,-0.22246571827735795,0.5880243212649607,-3.14091917081456,0.9991147859802954,,,0.99999947682359,9,pooled_v5,2026-06-30T13:39:18.419161+00:00,pooled,True,per_security_nonnok,True,88,12,2.3264750495168025
walk_forward,level_change,SWZ_1W,SWZ,1W,ZIRP_late,ZIRP,oos,fd70b606868e,80,63,584,0.375,1.0,-5.839604003221453,0.0034687367716364293,0.0005105707876712332,0.05269458866535801,-5.793841041038993,-0.6332416243189228,0.7367120661506166,-3.624340245582564,0.9998424918698792,4.76837158203125e-07,0.49999980976949676,0.999999999516885,9,pooled_v5,2026-06-30T13:39:18.419161+00:00,pooled,True,per_security_nonnok,True,88,12,2.3264750495168025
walk_forward,level_change,SWZ_1Y,SWZ,1Y,ZIRP_late,ZIRP,oos,fd70b606868e,80,63,772,0.483160621761658,1.0,-0.3869091344733697,0.007990332581380393,0.005761708180051812,0.06716525236297148,-0.38679924975105906,-0.07728578462145058,0.5308019003449657,-1.4266808115711755,0.9229616337479523,,,0.834411347973419,12,pooled_v5,2026-06-30T13:39:18.419161+00:00,pooled,True,per_security_nonnok,True,88,12,2.3264750495168025
walk_forward,level_change,SWZ_30Y,SWZ,30Y,ZIRP_late,ZIRP,oos,fd70b606868e,80,63,760,0.5565789473684211,1.0,-0.014043074053066151,0.030581577117479494,0.031456207111842105,0.13641597805929812,0.0278046870448454,1.0316799414698887,0.15111103853250296,0.22801439385324684,0.40984823094075884,,,0.0010137888189710171,12,pooled_v5,2026-06-30T13:39:18.419161+00:00,pooled,True,per_security_nonnok,True,88,12,2.3264750495168025
walk_forward,level_change,SWZ_3M,SWZ,3M,ZIRP_late,ZIRP,oos,fd70b606868e,80,63,762,0.4343832020997375,1.0,-0.9973442354503737,0.004235759737406415,0.0021217503249343836,0.05398785444077701,-0.9963516383754569,-0.1334082030573397,0.553064720851218,-2.457492709008343,0.9928934665557179,,,0.9998757651595066,12,pooled_v5,2026-06-30T13:39:18.419161+00:00,pooled,True,per_security_nonnok,True,88,12,2.3264750495168025
walk_forward,level_change,SWZ_5Y,SWZ,5Y,ZIRP_late,ZIRP,oos,fd70b606868e,80,63,762,0.5091863517060368,1.0,-0.0977499340433361,0.020467440001322206,0.018682663241469815,0.1138370336180284,-0.09553117437190273,0.20725419985180155,0.4179056703658468,-0.5927417067293761,0.7232349420611572,,,0.3188560266529737,12,pooled_v5,2026-06-30T13:39:18.419161+00:00,pooled,True,per_security_nonnok,True,88,12,2.3264750495168025
walk_forward,level_change,SWZ_6M,SWZ,6M,ZIRP_late,ZIRP,oos,fd70b606868e,80,63,712,0.4353932584269663,1.0,-0.5386658362067551,0.006065376092895273,0.003941985210674157,0.06112277746245767,-0.5386602863124323,-0.03472469892662296,0.5138503670471362,-1.627083272874881,0.9479187644952262,,,0.9997583973451986,11,pooled_v5,2026-06-30T13:39:18.419161+00:00,pooled,True,per_security_nonnok,True,88,12,2.3264750495168025
walk_forward,level_change,TURK_10Y,TURK,10Y,ZIRP_late,ZIRP,oos,fd70b606868e,80,63,46,0.7608695652173914,1.0,-0.21579634494393662,0.7350372190366408,0.8232793396739129,0.7418468295607876,0.10718369377788994,3.5176773834271833,0.00021767064047062412,1.1615237228081519,0.1257765331582692,,,0.00026779253605013764,1,pooled_v5,2026-06-30T13:39:18.419161+00:00,pooled,True,per_security_nonnok,True,88,12,2.3264750495168025
walk_forward,level_change,TURK_1M,TURK,1M,ZIRP_late,ZIRP,oos,fd70b606868e,80,63,47,0.8936170212765957,1.0,-2.809089724708091,6.293432126999258,6.448510834682981,2.2435651727949812,0.024048762832131754,3.728943112341745,9.614227536203224e-05,1.2263216774210755,0.11315912997970395,0.0,0.5,1.2289888218219858e-08,1,pooled_v5,2026-06-30T13:39:18.419161+00:00,pooled,True,per_security_nonnok,True,88,12,2.3264750495168025
walk_forward,level_change,TURK_1W,TURK,1W,ZIRP_late,ZIRP,oos,fd70b606868e,80,63,47,0.9787234042553191,1.0,-3.6343199551669096,5.860747378778067,6.023126680427659,2.148024760410114,0.026959303741236007,5.105241129677493,1.6518648526808732e-07,1.6798769680111518,0.049880751003853016,,,3.410605131648481e-13,1,pooled_v5,2026-06-30T13:39:18.419161+00:00,pooled,True,per_security_nonnok,True,88,12,2.3264750495168025
walk_forward,level_change,TURK_1Y,TURK,1Y,ZIRP_late,ZIRP,oos,fd70b606868e,80,63,46,0.8695652173913043,1.0,-1.9066789663600061,2.8782640477083676,2.9889164024717383,1.5552648042247736,0.03702089314771895,5.812636053559326,3.074833276883737e-09,2.069539218081595,0.02213300480760927,0.0,0.5,1.5514018514295458e-07,1,pooled_v5,2026-06-30T13:39:18.419161+00:00,pooled,True,per_security_nonnok,True,88,12,2.3264750495168025
walk_forward,level_change,TURK_3M,TURK,3M,ZIRP_late,ZIRP,oos,fd70b606868e,80,63,47,0.8723404255319149,1.0,-2.9263479124563023,5.710516214622266,5.857584528936172,2.1634302341945624,0.02510733111701524,4.145005921634075,1.6990246438197687e-05,1.363385965011422,0.08969841128199858,,,8.858493316665772e-08,1,pooled_v5,2026-06-30T13:39:18.419161+00:00,pooled,True,per_security_nonnok,True,88,12,2.3264750495168025
walk_forward,level_change,TURK_5Y,TURK,5Y,ZIRP_late,ZIRP,oos,fd70b606868e,80,63,46,0.8478260869565217,1.0,-0.5770441319737138,1.2597144197923387,1.4088394111434783,1.019007748181198,0.10584953130328956,5.359999868885841,4.161100619626268e-08,1.855279767551769,0.035056965917479734,,,9.15771636300633e-07,1,pooled_v5,2026-06-30T13:39:18.419161+00:00,pooled,True,per_security_nonnok,True,88,12,2.3264750495168025
walk_forward,level_change,TURK_6M,TURK,6M,ZIRP_late,ZIRP,oos,fd70b606868e,80,63,47,0.8723404255319149,1.0,-2.6599291970711874,5.139795341482233,5.2793811555851065,2.0647580828788437,0.026439806104017416,4.3399433839997,7.1259715113125566e-06,1.4271610499621021,0.08014336730251771,,,8.858493316665772e-08,1,pooled_v5,2026-06-30T13:39:18.419161+00:00,pooled,True,per_security_nonnok,True,88,12,2.3264750495168025
