validation_scheme,target_kind,security,country,tenor,fold,regime,sample,config_hash,feature_count,notebook,run_ts,model_kind,is_pooled,horizon,n_obs,dir_acc,dir_coverage,r2_raw,mse_model,mse_rw,mae,ct_r2_oos,cw_stat,cw_pval,dmh_stat,dmh_pval,pt_stat,pt_pval,binom_pval,n_eff,pca_k,xm_pca_evr,htb_ntrees,htb_depth,lambda_grid_value
walk_forward,level_change,NOR_1Y,NOR,1Y,GFC,GFC,oos,94eefbb154b1,108,v5,2026-06-30T17:59:54.741824+00:00,per_security,False,1,463,0.4514038876889849,1.0,-0.01688986840251694,0.0008754993323777002,0.0008631923434125272,0.01977891331097217,-0.014257527953177584,-0.8825643808817945,0.811264159708817,-1.9229442917285011,0.9724492934977667,-0.835117615125623,0.7981742552180286,0.9837894200662585,463,12,0.7898669733172995,61,2,0.05
walk_forward,level_change,NOR_1Y,NOR,1Y,ZIRP_early,ZIRP,oos,94eefbb154b1,108,v5,2026-06-30T17:59:54.741824+00:00,per_security,False,1,829,0.48009650180940894,1.0,-0.004376343662765958,0.00033681569319485164,0.0003362258986731001,0.011206594212851933,-0.0017541614851179776,0.46530393791483643,0.32085690757905505,-0.3414645082799237,0.6335797220801644,-0.8704906344699476,0.8079838324189464,0.8811818497672542,829,12,0.7548704540441938,16,3,0.05
walk_forward,level_change,NOR_1Y,NOR,1Y,ZIRP_late,ZIRP,oos,94eefbb154b1,108,v5,2026-06-30T17:59:54.741824+00:00,per_security,False,1,622,0.4292604501607717,1.0,-0.05198904748338884,0.0001274988779155597,0.00012230988745980714,0.0076331372538540375,-0.042424946694990195,-2.2070731647571855,0.9863455258855464,-4.177009915667068,0.9999831160219086,0.0,0.5,0.9998243679741565,622,12,0.7526999810295681,57,6,0.05
walk_forward,level_change,NOR_1Y,NOR,1Y,COVID,COVID,oos,94eefbb154b1,108,v5,2026-06-30T17:59:54.741824+00:00,per_security,False,1,443,0.5124153498871332,1.0,0.005731351874138646,0.0004292069427675802,0.00043180303792325056,0.010020480751097518,0.0060122206831990654,1.8648782019731331,0.031099239249821164,1.2385463280779665,0.10808546206516517,2.876539397923659,0.0020103100038432187,0.3173775051057822,443,12,0.7362911955234973,31,2,0.05
walk_forward,level_change,NOR_1Y,NOR,1Y,Hiking,Hiking,oos,94eefbb154b1,108,v5,2026-06-30T17:59:54.741824+00:00,per_security,False,1,908,0.5605726872246696,1.0,0.0002300792648687322,0.0012412390938115923,0.0012525415859030832,0.023770654355310745,0.009023646175661204,3.6303118338615223,0.00014153950591067055,3.175660116777036,0.0007727181813421453,4.661581286049712,1.5689454366807354e-06,0.00014654904757709214,908,12,0.7261693476587756,20,7,0.05
walk_forward,level_change,NOR_1Y,NOR,1Y,GFC,GFC,oos,bd50ee1ef41d,108,v5,2026-06-30T17:59:54.741824+00:00,per_security,False,1,463,0.46436285097192226,1.0,-0.015497242035073855,0.0008743003397504421,0.0008631923434125272,0.019774258012367242,-0.01286850656482974,-0.3764495325256542,0.6467086360662333,-1.4565165722104247,0.9270354336205389,-0.25858476695233984,0.6020221810993802,0.9430083517755059,463,12,0.7898669733172995,47,2,0.1
walk_forward,level_change,NOR_1Y,NOR,1Y,ZIRP_early,ZIRP,oos,bd50ee1ef41d,108,v5,2026-06-30T17:59:54.741824+00:00,per_security,False,1,829,0.503015681544029,1.0,-0.00013547406992175937,0.0003353935256570801,0.0003362258986731001,0.01118239371680258,0.002475636229406719,1.3487345762925684,0.08871111770104267,0.6259161158733073,0.26577122781105766,,,0.4447598352086719,829,12,0.7548704540441938,3,3,0.1
walk_forward,level_change,NOR_1Y,NOR,1Y,ZIRP_late,ZIRP,oos,bd50ee1ef41d,108,v5,2026-06-30T17:59:54.741824+00:00,per_security,False,1,622,0.409967845659164,1.0,-0.03464036334617315,0.00012539625359062214,0.00012230988745980714,0.007545090026431858,-0.025233987169101413,-1.6494553477064477,0.950472808108288,-3.219152735352231,0.999323641175743,-2.234397787527567,0.9872715444219207,0.999997225532195,622,12,0.7526999810295681,28,6,0.1
walk_forward,level_change,NOR_1Y,NOR,1Y,COVID,COVID,oos,bd50ee1ef41d,108,v5,2026-06-30T17:59:54.741824+00:00,per_security,False,1,443,0.5169300225733634,1.0,0.006307490949596373,0.0004289582344414631,0.00043180303792325056,0.010040827033332124,0.0065881970063700335,1.8796200301289663,0.030079940712870457,1.161771590145686,0.12297761096272201,3.270948012956996,0.0005359380639167188,0.2529964980733961,443,12,0.7362911955234973,33,1,0.1
walk_forward,level_change,NOR_1Y,NOR,1Y,Hiking,Hiking,oos,bd50ee1ef41d,108,v5,2026-06-30T17:59:54.741824+00:00,per_security,False,1,908,0.5649779735682819,1.0,0.001802245864336971,0.001239287210078373,0.0012525415859030832,0.02372833094167055,0.010581984641375275,3.341535473533025,0.00041658184663473374,2.6244898376321517,0.004411905338776728,4.932037349455892,4.068817573976702e-07,5.057270778658813e-05,908,12,0.7261693476587756,82,1,0.1
walk_forward,level_change,NOR_1Y,NOR,1Y,GFC,GFC,oos,25524bf871ef,108,v5,2026-06-30T17:59:54.741824+00:00,per_security,False,1,463,0.45788336933045354,1.0,-0.01998136444164844,0.000878160980214314,0.0008631923434125272,0.01986127353287546,-0.01734102128687809,-0.7617078690105985,0.7768828111104557,-2.0030903471057373,0.9771243765082287,-0.6331731851857959,0.7366897227625637,0.9685417262361529,463,12,0.7898669733172995,26,2,0.2
walk_forward,level_change,NOR_1Y,NOR,1Y,ZIRP_early,ZIRP,oos,25524bf871ef,108,v5,2026-06-30T17:59:54.741824+00:00,per_security,False,1,829,0.503015681544029,1.0,-0.0005884824056132665,0.0003355454411393311,0.0003362258986731001,0.011190294527073374,0.002023810588221764,1.185950047331094,0.11782101353765961,0.4437947148886826,0.328653479000908,,,0.4447598352086719,829,12,0.7548704540441938,3,3,0.2
walk_forward,level_change,NOR_1Y,NOR,1Y,ZIRP_late,ZIRP,oos,25524bf871ef,108,v5,2026-06-30T17:59:54.741824+00:00,per_security,False,1,622,0.42765273311897106,1.0,-0.060804258228685404,0.00012856726306776563,0.00012230988745980714,0.00767675363050029,-0.051160014434767254,-2.565782238214395,0.9948528283243971,-4.497980062593414,0.9999959055762585,-0.2615800446288759,0.6031773847276859,0.9998713257221514,622,12,0.7526999810295681,12,5,0.2
walk_forward,level_change,NOR_1Y,NOR,1Y,COVID,COVID,oos,25524bf871ef,108,v5,2026-06-30T17:59:54.741824+00:00,per_security,False,1,443,0.5056433408577878,1.0,-0.0007228458746371125,0.0004319930976855605,0.00043180303792325056,0.010062483496498468,-0.00044015383315509915,0.4270612670544968,0.3346673518136545,-0.08730310558011492,0.5347649386113584,2.770577434143763,0.0027978496681495546,0.42465019226026274,443,12,0.7362911955234973,13,1,0.2
walk_forward,level_change,NOR_1Y,NOR,1Y,Hiking,Hiking,oos,25524bf871ef,108,v5,2026-06-30T17:59:54.741824+00:00,per_security,False,1,908,0.5550660792951542,1.0,0.002569938856059162,0.00123833410023419,0.0012525415859030832,0.023735674351292646,0.01134292531984038,3.7689521828410353,8.196714306685227e-05,3.0678371335991566,0.0011100873856916217,4.649139468233667,1.6666138729082292e-06,0.0005037996854319119,908,12,0.7261693476587756,32,2,0.2
walk_forward,level_change,NOR_1Y,NOR,1Y,GFC,GFC,oos,94eefbb154b1,108,v5,2026-06-30T17:59:54.741824+00:00,per_security,False,21,561,0.49910873440285203,1.0,-0.2041385947066574,0.013182867393275762,0.011662426622103388,0.0851350841874064,-0.1303708756709976,-0.1697648398932062,0.567402460402057,-1.648390460057735,0.9500832765972514,0.4893257051469729,0.3123055626769482,0.5336417603149948,27,12,0.7798292943039524,266,1,0.05
walk_forward,level_change,NOR_1Y,NOR,1Y,ZIRP_early,ZIRP,oos,94eefbb154b1,108,v5,2026-06-30T17:59:54.741824+00:00,per_security,False,21,1036,0.5511583011583011,1.0,-0.2716744900097423,0.006867844509260487,0.00553881361969112,0.06474135655474769,-0.2399486570272935,1.4859619181682924,0.06864459708826853,-1.7500949935922978,0.9598008806585657,1.746430021213078,0.04036812854615923,0.0005478410402228988,49,12,0.7444422920341695,129,2,0.05
walk_forward,level_change,NOR_1Y,NOR,1Y,ZIRP_late,ZIRP,oos,94eefbb154b1,108,v5,2026-06-30T17:59:54.741824+00:00,per_security,False,21,774,0.5361757105943152,1.0,-0.19451632830637688,0.0028956850095632663,0.002651561950904393,0.04170069902594194,-0.09206764283806668,0.8560666299397062,0.19598046268602043,-0.9826607411748552,0.8369590525648007,0.8790648234517797,0.18968306463216433,0.02398951815160777,37,12,0.7418534819241348,28,5,0.05
walk_forward,level_change,NOR_1Y,NOR,1Y,COVID,COVID,oos,94eefbb154b1,108,v5,2026-06-30T17:59:54.741824+00:00,per_security,False,21,548,0.5602189781021898,1.0,0.017424875795253647,0.0268114900998297,0.027394905781751824,0.0933807280644779,0.02129650258957072,1.9788253172611912,0.02391783850355733,1.7176689759059829,0.04321148769532936,3.0919386625505845,0.000994269668544323,0.0027220522962306073,26,12,0.7268954765479523,20,3,0.05
walk_forward,level_change,NOR_1Y,NOR,1Y,Hiking,Hiking,oos,94eefbb154b1,108,v5,2026-06-30T17:59:54.741824+00:00,per_security,False,21,1109,0.4860234445446348,1.0,-0.1066498770059483,0.033981538481726935,0.03302174287646529,0.13635513261578702,-0.02906556473570321,-0.2745127184557298,0.6081546845078367,-1.3198510606457905,0.9064213143647879,6.0880194035412245,5.71580116570658e-10,0.8317007056632982,53,12,0.7169535284796619,42,3,0.05
walk_forward,level_change,NOR_1Y,NOR,1Y,GFC,GFC,oos,bd50ee1ef41d,108,v5,2026-06-30T17:59:54.741824+00:00,per_security,False,21,561,0.5329768270944741,1.0,-0.21087776404695036,0.013256647584480042,0.011662426622103388,0.08475364976875159,-0.13669719124793311,0.04302520614826627,0.48284072042697757,-1.5485919149180272,0.9389776134172128,1.3015004991365355,0.09654359688796221,0.06422822663499146,27,12,0.7798292943039524,273,2,0.1
walk_forward,level_change,NOR_1Y,NOR,1Y,ZIRP_early,ZIRP,oos,bd50ee1ef41d,108,v5,2026-06-30T17:59:54.741824+00:00,per_security,False,21,1036,0.5694980694980695,1.0,-0.24183915968507774,0.006706714903247354,0.00553881361969112,0.06354697576214606,-0.2108576608182322,1.4216954111074642,0.07755734643610923,-1.527266371632281,0.9364998430729438,3.7009380204674063,0.0001074019715984198,4.3027830096703616e-06,49,12,0.7444422920341695,77,2,0.1
walk_forward,level_change,NOR_1Y,NOR,1Y,ZIRP_late,ZIRP,oos,bd50ee1ef41d,108,v5,2026-06-30T17:59:54.741824+00:00,per_security,False,21,774,0.5310077519379846,1.0,-0.259066511452146,0.0030521642415925043,0.002651561950904393,0.04426034648924107,-0.15108162588902507,1.7679982354892576,0.03853059932260772,-0.9145633753306458,0.8196469603193424,-4.458437269011651,0.9999958720324673,0.045541003940892624,37,12,0.7418534819241348,32,5,0.1
walk_forward,level_change,NOR_1Y,NOR,1Y,COVID,COVID,oos,bd50ee1ef41d,108,v5,2026-06-30T17:59:54.741824+00:00,per_security,False,21,548,0.5948905109489051,1.0,0.019311579060937056,0.026760007699468583,0.027394905781751824,0.09229665370616633,0.023175771705196246,1.710334173577653,0.043602047951487366,1.4503134365395753,0.07377214126153461,3.4226350740333236,0.0003100863808160881,5.111888320921383e-06,26,12,0.7268954765479523,11,3,0.1
walk_forward,level_change,NOR_1Y,NOR,1Y,Hiking,Hiking,oos,bd50ee1ef41d,108,v5,2026-06-30T17:59:54.741824+00:00,per_security,False,21,1109,0.4950405770964833,1.0,-0.07491753375144916,0.03300714371982128,0.03302174287646529,0.1354709766149,0.0004421073926540453,0.7913540412837576,0.21436871050677964,0.020413824255043095,0.4918584657001275,0.7182655356239753,0.23629678810111743,0.6406956632828857,53,12,0.7169535284796619,60,3,0.1
walk_forward,level_change,NOR_1Y,NOR,1Y,GFC,GFC,oos,25524bf871ef,108,v5,2026-06-30T17:59:54.741824+00:00,per_security,False,21,561,0.49554367201426025,1.0,-0.29298733129524646,0.01415558026674096,0.011662426622103388,0.0915602436753488,-0.2137765771586837,0.1854039101471138,0.4264561208684483,-1.8860590609880512,0.9700978846837857,-1.2967874518715423,0.9026478353202643,0.5999759632968222,27,12,0.7798292943039524,180,2,0.2
walk_forward,level_change,NOR_1Y,NOR,1Y,ZIRP_early,ZIRP,oos,25524bf871ef,108,v5,2026-06-30T17:59:54.741824+00:00,per_security,False,21,1036,0.5743243243243243,1.0,-0.21507263099642615,0.006562158762088219,0.00553881361969112,0.06270289470142791,-0.18475890554594399,1.3891298740810645,0.0823966305009819,-1.4269931891935173,0.9230582710689677,4.149509533186269,1.6659420613240883e-05,9.593607047339382e-07,49,12,0.7444422920341695,30,2,0.2
walk_forward,level_change,NOR_1Y,NOR,1Y,ZIRP_late,ZIRP,oos,25524bf871ef,108,v5,2026-06-30T17:59:54.741824+00:00,per_security,False,21,774,0.5193798449612403,1.0,-0.13104494772047626,0.002741820955181134,0.002651561950904393,0.04026518596111717,-0.034039937949009724,1.0592180073753428,0.14475025296433186,-0.46517817080192303,0.6790325577901284,-1.0423854641436803,0.8513834985145995,0.14861475365666688,37,12,0.7418534819241348,7,3,0.2
walk_forward,level_change,NOR_1Y,NOR,1Y,COVID,COVID,oos,25524bf871ef,108,v5,2026-06-30T17:59:54.741824+00:00,per_security,False,21,548,0.6551094890510949,1.0,0.025679677171667303,0.026586241648156445,0.027394905781751824,0.09074492612732257,0.029518777689465203,1.832936292821845,0.033406022867326746,1.5049575238992703,0.06645609072448683,6.590049609924734,2.1983970199812575e-11,1.7007643095461736e-13,26,12,0.7268954765479523,7,3,0.2
walk_forward,level_change,NOR_1Y,NOR,1Y,Hiking,Hiking,oos,25524bf871ef,108,v5,2026-06-30T17:59:54.741824+00:00,per_security,False,21,1109,0.5202885482416592,1.0,-0.01201961105274818,0.031075757628323885,0.03302174287646529,0.13188511791623772,0.05893042215916211,2.4670215467363232,0.006812107955779689,1.916700605818204,0.02776648849962189,1.0981721086801117,0.1360646714328022,0.09319571752468409,53,12,0.7169535284796619,13,2,0.2
walk_forward,level_change,NOR_1Y,NOR,1Y,ZIRP_early,ZIRP,oos,94eefbb154b1,108,v5,2026-06-30T17:59:54.741824+00:00,per_security,False,252,1038,0.26396917148362237,1.0,-3.4388973499938436,0.26252121206242857,0.0802835632273603,0.43787039837908426,-2.2699247705159458,-1.8801133339233846,0.969953683193783,-2.8596632181697217,0.9978370337217308,,,1.0,4,12,0.7529419197444106,36,1,0.05
walk_forward,level_change,NOR_1Y,NOR,1Y,ZIRP_late,ZIRP,oos,94eefbb154b1,108,v5,2026-06-30T17:59:54.741824+00:00,per_security,False,252,776,0.3170103092783505,1.0,-0.6275120927358291,0.6752002617542441,0.417101886378866,0.7319902224543476,-0.6187897580998702,-2.427150987544429,0.9923910394727998,-2.1766369625841393,0.9850955640882015,,,1.0,3,12,0.7389241914262045,15,3,0.05
walk_forward,level_change,NOR_1Y,NOR,1Y,COVID,COVID,oos,94eefbb154b1,108,v5,2026-06-30T17:59:54.741824+00:00,per_security,False,252,530,0.16792452830188678,1.0,-0.38635331153449304,1.0468620531570256,0.9950193943833964,0.8414651847634,-0.05210215907977922,-1.5879114691058638,0.9438468201707176,-0.877678791417699,0.8097417561605506,,,1.0,2,12,0.7375652978780988,7,7,0.05
walk_forward,level_change,NOR_1Y,NOR,1Y,Hiking,Hiking,oos,94eefbb154b1,108,v5,2026-06-30T17:59:54.741824+00:00,per_security,False,252,931,0.5209452201933404,1.0,-0.6298505592908599,1.0065833405147335,0.7771894022663801,0.6785866660031802,-0.2951583456740563,-1.1835927623916982,0.8817128466080004,-1.199515945917561,0.8846835525906841,0.0,0.5,0.10648116909938554,4,12,0.7271694387794247,5,2,0.05
walk_forward,level_change,NOR_1Y,NOR,1Y,ZIRP_early,ZIRP,oos,bd50ee1ef41d,108,v5,2026-06-30T17:59:54.741824+00:00,per_security,False,252,1038,0.26396917148362237,1.0,-3.1486313047838177,0.24535456277976167,0.0802835632273603,0.42217092762603237,-2.0560995665442245,-2.0632881610467737,0.9804573708954503,-2.9409687406949914,0.9983277245415761,,,1.0,4,12,0.7529419197444106,22,1,0.1
walk_forward,level_change,NOR_1Y,NOR,1Y,ZIRP_late,ZIRP,oos,bd50ee1ef41d,108,v5,2026-06-30T17:59:54.741824+00:00,per_security,False,252,776,0.3170103092783505,1.0,-0.6397123661986648,0.6802617466257529,0.417101886378866,0.7451772530342806,-0.6309246465690903,-1.8966345926887564,0.9710619091484768,-1.8811712367599847,0.9698383577062443,,,1.0,3,12,0.7389241914262045,10,3,0.1
walk_forward,level_change,NOR_1Y,NOR,1Y,COVID,COVID,oos,bd50ee1ef41d,108,v5,2026-06-30T17:59:54.741824+00:00,per_security,False,252,530,0.2509433962264151,1.0,-0.330563652693618,1.0047342086074686,0.9950193943833964,0.8162933998957727,-0.009763442078525975,-0.80986262405079,0.7909904323570189,-0.44686989329303434,0.6724240532772016,-12.193338015765695,1.0,1.0,2,12,0.7375652978780988,5,7,0.1
walk_forward,level_change,NOR_1Y,NOR,1Y,Hiking,Hiking,oos,bd50ee1ef41d,108,v5,2026-06-30T17:59:54.741824+00:00,per_security,False,252,931,0.5209452201933404,1.0,-0.4812856813387745,0.9148307989828037,0.7771894022663801,0.6486574049339388,-0.177101484290759,-1.1834596733586045,0.8816864901682242,-1.0850452156680905,0.8609085924388125,0.0,0.5,0.10648116909938554,4,12,0.7271694387794247,3,1,0.1
walk_forward,level_change,NOR_1Y,NOR,1Y,ZIRP_early,ZIRP,oos,25524bf871ef,108,v5,2026-06-30T17:59:54.741824+00:00,per_security,False,252,1038,0.7341040462427746,1.0,-0.16985015074465926,0.06918620893662447,0.0802835632273603,0.21683280714936337,0.13822697753596835,2.133171992398058,0.016455309883136038,0.41248433295134257,0.3400348604625265,,,1.757402661462916e-53,4,12,0.7529419197444106,20,4,0.2
walk_forward,level_change,NOR_1Y,NOR,1Y,ZIRP_late,ZIRP,oos,25524bf871ef,108,v5,2026-06-30T17:59:54.741824+00:00,per_security,False,252,776,0.3170103092783505,1.0,-0.11897655750638592,0.4642258990869506,0.417101886378866,0.6015084403688146,-0.1129796202007114,0.2035546536150476,0.4193507661481993,-0.25446272108685153,0.6003971986815106,,,1.0,3,12,0.7389241914262045,10,3,0.2
walk_forward,level_change,NOR_1Y,NOR,1Y,COVID,COVID,oos,25524bf871ef,108,v5,2026-06-30T17:59:54.741824+00:00,per_security,False,252,530,0.8320754716981132,1.0,-0.2012143782398943,0.9070600833304739,0.9950193943833964,0.7585152771717422,0.08839959457014401,0.8466099231520453,0.19860629052472545,0.3818907209566535,0.3513478900182223,,,2.4557115490868043e-57,2,12,0.7375652978780988,5,7,0.2
walk_forward,level_change,NOR_1Y,NOR,1Y,Hiking,Hiking,oos,25524bf871ef,108,v5,2026-06-30T17:59:54.741824+00:00,per_security,False,252,931,0.5209452201933404,1.0,-0.5506233093195614,0.9576531919920348,0.7771894022663801,0.658972862586965,-0.23220052821024062,-1.242969045889104,0.8930603798694835,-1.1157154653374075,0.8675839240785109,0.0,0.5,0.10648116909938554,4,12,0.7271694387794247,1,1,0.2
walk_forward,level_change,NOR_10Y,NOR,10Y,GFC,GFC,oos,94eefbb154b1,108,v5,2026-06-30T17:59:54.741824+00:00,per_security,False,1,520,0.4826923076923077,1.0,-0.0013679098763237363,0.0017342602247768931,0.0017319007163461527,0.03191502484531056,-0.001362380885041814,-0.6947774472623262,0.7564026080797515,-0.8555877806397064,0.8036896792850585,-1.1607308459419863,0.8771243132101121,0.7976238579204764,520,12,0.7879943230330043,19,2,0.05
walk_forward,level_change,NOR_10Y,NOR,10Y,ZIRP_early,ZIRP,oos,94eefbb154b1,108,v5,2026-06-30T17:59:54.741824+00:00,per_security,False,1,810,0.5123456790123457,1.0,-0.0009506230891174194,0.0011333792529435712,0.001133662530864198,0.025129480505814362,0.0002498785246177748,0.4927797151250845,0.31108412257250806,0.3806916495018172,0.3517660026049706,1.1538766560088,0.12427537048554327,0.2522092428188903,810,12,0.7497832623050359,1,2,0.05
walk_forward,level_change,NOR_10Y,NOR,10Y,ZIRP_late,ZIRP,oos,94eefbb154b1,108,v5,2026-06-30T17:59:54.741824+00:00,per_security,False,1,626,0.49201277955271566,1.0,0.0023854207642508563,0.0006384591913630077,0.0006399888817891379,0.01924416362751445,0.0023901828135730607,1.148152241683577,0.12545286044812176,0.5903956761735852,0.2775694076723695,0.8843465158958546,0.18825459262132826,0.6698869679616366,626,12,0.749304533007686,9,2,0.05
walk_forward,level_change,NOR_10Y,NOR,10Y,COVID,COVID,oos,94eefbb154b1,108,v5,2026-06-30T17:59:54.741824+00:00,per_security,False,1,437,0.5102974828375286,1.0,0.003873879931934554,0.0011964799716830967,0.0012013288787185352,0.026308767507578677,0.004036286083966334,1.2558860313464353,0.10457864688177398,0.5385846507133218,0.2952241710576666,1.2066045613363172,0.11379223464392108,0.35099729631661564,437,12,0.733410132169045,92,3,0.05
walk_forward,level_change,NOR_10Y,NOR,10Y,Hiking,Hiking,oos,94eefbb154b1,108,v5,2026-06-30T17:59:54.741824+00:00,per_security,False,1,909,0.5368536853685368,1.0,0.0005350931475631704,0.002438428257097823,0.0024414659048404854,0.03778580545068326,0.0012441901140786138,1.284867033603171,0.09941937634302711,0.3054836249514003,0.38003392815006465,2.8118458680635916,0.0024629050489005655,0.014267772848941658,909,12,0.723566146940768,24,6,0.05
walk_forward,level_change,NOR_10Y,NOR,10Y,GFC,GFC,oos,bd50ee1ef41d,108,v5,2026-06-30T17:59:54.741824+00:00,per_security,False,1,520,0.47115384615384615,1.0,-0.011665798213822631,0.0017520950464910458,0.0017319007163461527,0.03215002096537868,-0.011660212363383993,-0.9127369381912606,0.8193095440922511,-1.7589769979119998,0.9604146704947334,-1.0510478480443097,0.8533816926663701,0.9130255975890833,520,12,0.7879943230330043,26,1,0.1
walk_forward,level_change,NOR_10Y,NOR,10Y,ZIRP_early,ZIRP,oos,bd50ee1ef41d,108,v5,2026-06-30T17:59:54.741824+00:00,per_security,False,1,810,0.49382716049382713,1.0,-0.002700378160948036,0.0011353605056151816,0.001133662530864198,0.025187493378717396,-0.0014977779583922324,0.030507518031927024,0.4878311488254162,-0.5083235383713838,0.6943174782599422,0.979213986184608,0.16373712971305432,0.650424472979403,810,12,0.7497832623050359,1,2,0.1
walk_forward,level_change,NOR_10Y,NOR,10Y,ZIRP_late,ZIRP,oos,bd50ee1ef41d,108,v5,2026-06-30T17:59:54.741824+00:00,per_security,False,1,626,0.48562300319488816,1.0,0.0028011701962684654,0.0006381931176189983,0.0006399888817891379,0.019250727701328255,0.0028059302610372594,1.1983211892794465,0.11539600029687436,0.611348035827097,0.2705957424593446,0.6836125023671036,0.2471099438998855,0.7761783034157014,626,12,0.749304533007686,4,3,0.1
walk_forward,level_change,NOR_10Y,NOR,10Y,COVID,COVID,oos,bd50ee1ef41d,108,v5,2026-06-30T17:59:54.741824+00:00,per_security,False,1,437,0.5148741418764302,1.0,-0.0002950667939931595,0.0012014874312407736,0.0012013288787185352,0.026430180287520495,-0.0001319809463062871,0.35549014067048823,0.3611112149148904,-0.0319013765796305,0.5127173504845456,1.4963503471607433,0.06728119071771921,0.2829960519274316,437,12,0.733410132169045,98,2,0.1
walk_forward,level_change,NOR_10Y,NOR,10Y,Hiking,Hiking,oos,bd50ee1ef41d,108,v5,2026-06-30T17:59:54.741824+00:00,per_security,False,1,909,0.5093509350935094,1.0,-0.0028500418535519767,0.002446687085180947,0.0024414659048404854,0.03787676517395294,-0.0021385432129565896,0.631487787336104,0.2638608160188657,-0.4613114484416551,0.6776571719284694,0.9656516742378305,0.16710925438086655,0.2978301595296958,909,12,0.723566146940768,33,3,0.1
walk_forward,level_change,NOR_10Y,NOR,10Y,GFC,GFC,oos,25524bf871ef,108,v5,2026-06-30T17:59:54.741824+00:00,per_security,False,1,520,0.4846153846153846,1.0,-0.014249952761995255,0.0017565705208929822,0.0017319007163461527,0.03217986685754626,-0.014244352643306257,-0.7726490585679996,0.7801349488388563,-1.7781122970984413,0.9620146023676662,-0.15800065689555215,0.5627718594549093,0.7719989012293722,520,12,0.7879943230330043,1,2,0.2
walk_forward,level_change,NOR_10Y,NOR,10Y,ZIRP_early,ZIRP,oos,25524bf871ef,108,v5,2026-06-30T17:59:54.741824+00:00,per_security,False,1,810,0.519753086419753,1.0,-0.0004419634647245818,0.0011328032961962563,0.001133662530864198,0.02512253663661673,0.0007579280822544998,1.0394041443230666,0.14930840870799877,0.8854158303718483,0.18809774442870758,1.440012774393266,0.07493189248572041,0.13802189457565747,810,12,0.7497832623050359,1,2,0.2
walk_forward,level_change,NOR_10Y,NOR,10Y,ZIRP_late,ZIRP,oos,25524bf871ef,108,v5,2026-06-30T17:59:54.741824+00:00,per_security,False,1,626,0.5015974440894568,1.0,0.003108077083822436,0.0006379967015608032,0.0006399888817891379,0.01923989018080946,0.0031128356835908866,1.261265051728371,0.10360668408828744,0.6470926201473013,0.25890479215819573,1.7813552124617007,0.03742722000679133,0.48406142615155257,626,12,0.749304533007686,3,2,0.2
walk_forward,level_change,NOR_10Y,NOR,10Y,COVID,COVID,oos,25524bf871ef,108,v5,2026-06-30T17:59:54.741824+00:00,per_security,False,1,437,0.540045766590389,1.0,0.0032946666600278673,0.0011971756838677367,0.0012013288787185352,0.026395503601510658,0.0034571672456826796,1.181963663571335,0.11861005951184111,0.8156703116763265,0.20756704636435014,2.873597673012579,0.0020291278547873715,0.05187373185862488,437,12,0.733410132169045,19,1,0.2
walk_forward,level_change,NOR_10Y,NOR,10Y,Hiking,Hiking,oos,25524bf871ef,108,v5,2026-06-30T17:59:54.741824+00:00,per_security,False,1,909,0.5236523652365237,1.0,-0.00016874870817784604,0.0024401454438222393,0.0024414659048404854,0.03783040642736808,0.0005408476176661514,1.1511257295257125,0.12484025714455171,0.11812999318255002,0.4529953926354228,1.9690995040625892,0.02447083289966523,0.08178387506143864,909,12,0.723566146940768,9,5,0.2
walk_forward,level_change,NOR_10Y,NOR,10Y,GFC,GFC,oos,94eefbb154b1,108,v5,2026-06-30T17:59:54.741824+00:00,per_security,False,21,637,0.5180533751962323,1.0,-0.07071327088065948,0.02051261686725345,0.019841660078492935,0.11339172271069028,-0.03381555707063999,0.7161461924439624,0.236950541849563,-0.5575139193749974,0.7113137428535337,1.9431518969989134,0.025998904069526096,0.19170128296525402,30,12,0.7770128708952097,2087,5,0.05
walk_forward,level_change,NOR_10Y,NOR,10Y,ZIRP_early,ZIRP,oos,94eefbb154b1,108,v5,2026-06-30T17:59:54.741824+00:00,per_security,False,21,1008,0.560515873015873,1.0,-0.0026255645427433194,0.016111246186264687,0.01640845239087302,0.10446362741866579,0.018112994298819296,1.5323136940285258,0.06272252172542725,1.098469612038458,0.1361310228047116,0.0,0.5,6.797426806955292e-05,48,12,0.7375492560561354,16,2,0.05
walk_forward,level_change,NOR_10Y,NOR,10Y,ZIRP_late,ZIRP,oos,94eefbb154b1,108,v5,2026-06-30T17:59:54.741824+00:00,per_security,False,21,782,0.5076726342710998,1.0,-0.029630358318900374,0.011825249876105398,0.011486096508951407,0.08690190769350514,-0.029527295621247784,-0.1799284220921445,0.5713956191375962,-0.849743097324274,0.8021358316671329,,,0.34704021270788055,37,12,0.736867426401796,76,1,0.05
walk_forward,level_change,NOR_10Y,NOR,10Y,COVID,COVID,oos,94eefbb154b1,108,v5,2026-06-30T17:59:54.741824+00:00,per_security,False,21,542,0.45571955719557194,1.0,0.0015648722003742677,0.02620253481164305,0.02626074260147601,0.12883058554209165,0.0022165325145713233,0.28397012121172616,0.38821663913958937,0.07940663667370523,0.4683692764636592,,,0.9823909990698267,26,12,0.7225792927186583,1,2,0.05
walk_forward,level_change,NOR_10Y,NOR,10Y,Hiking,Hiking,oos,94eefbb154b1,108,v5,2026-06-30T17:59:54.741824+00:00,per_security,False,21,1111,0.42934293429342935,1.0,-0.06582927523415272,0.04828234943564138,0.04649300753375338,0.17451691146676263,-0.038486258403243934,-1.0191520090504211,0.8459345969124967,-1.4304840857889953,0.9235702183191128,0.10863390252096412,0.4567464347761092,0.9999989724393155,53,12,0.7133090884657112,22,3,0.05
walk_forward,level_change,NOR_10Y,NOR,10Y,GFC,GFC,oos,bd50ee1ef41d,108,v5,2026-06-30T17:59:54.741824+00:00,per_security,False,21,637,0.5180533751962323,1.0,-0.07233366181957934,0.020543660153452655,0.019841660078492935,0.11347327870749978,-0.0353801079235625,0.7159837204964631,0.23700070056624023,-0.5753020642829789,0.7173547512054284,1.9431518969989134,0.025998904069526096,0.19170128296525402,30,12,0.7770128708952097,2087,6,0.1
walk_forward,level_change,NOR_10Y,NOR,10Y,ZIRP_early,ZIRP,oos,bd50ee1ef41d,108,v5,2026-06-30T17:59:54.741824+00:00,per_security,False,21,1008,0.560515873015873,1.0,-0.002383539232607257,0.01610735706804069,0.01640845239087302,0.10442688598828982,0.018350013496690742,1.4753465269905992,0.07005970182543297,0.9836495387427072,0.16276206459060313,0.0,0.5,6.797426806955292e-05,48,12,0.7375492560561354,6,2,0.1
walk_forward,level_change,NOR_10Y,NOR,10Y,ZIRP_late,ZIRP,oos,bd50ee1ef41d,108,v5,2026-06-30T17:59:54.741824+00:00,per_security,False,21,782,0.4961636828644501,1.0,-0.02627586010285632,0.01178672364259531,0.011486096508951407,0.08682849900952404,-0.026173133179720143,-0.09169309075844818,0.5365290564787425,-0.7566207714067889,0.7752473658948332,-2.9280590158070443,0.9982945735149906,0.5988201705965803,37,12,0.736867426401796,128,1,0.1
walk_forward,level_change,NOR_10Y,NOR,10Y,COVID,COVID,oos,bd50ee1ef41d,108,v5,2026-06-30T17:59:54.741824+00:00,per_security,False,21,542,0.45571955719557194,1.0,-0.0064830826379376205,0.026413742140934574,0.02626074260147601,0.1289960722891607,-0.00582616957107529,-0.10330909642105225,0.5411411718246355,-0.2842943752357032,0.6118532119465601,,,0.9823909990698267,26,12,0.7225792927186583,1,2,0.1
walk_forward,level_change,NOR_10Y,NOR,10Y,Hiking,Hiking,oos,bd50ee1ef41d,108,v5,2026-06-30T17:59:54.741824+00:00,per_security,False,21,1111,0.43114311431143115,1.0,-0.10957274050080512,0.050263940038007174,0.04649300753375338,0.17900165724480344,-0.08110751926547533,-1.3732561918402124,0.9151636418053483,-2.004546772902919,0.9773729731988005,1.8356381108589352,0.03320559837297188,0.9999981479637527,53,12,0.7133090884657112,14,3,0.1
walk_forward,level_change,NOR_10Y,NOR,10Y,GFC,GFC,oos,25524bf871ef,108,v5,2026-06-30T17:59:54.741824+00:00,per_security,False,21,637,0.5180533751962323,1.0,-0.07244331656218339,0.020545760907953313,0.019841660078492935,0.11347874174337934,-0.035485983868032145,0.7159734310864568,0.2370038773332559,-0.5764934677229147,0.7177571763216823,1.9431518969989134,0.025998904069526096,0.19170128296525402,30,12,0.7770128708952097,2087,5,0.2
walk_forward,level_change,NOR_10Y,NOR,10Y,ZIRP_early,ZIRP,oos,25524bf871ef,108,v5,2026-06-30T17:59:54.741824+00:00,per_security,False,21,1008,0.560515873015873,1.0,-0.0031407350795389366,0.01611952449038913,0.01640845239087302,0.10453344244759175,0.01760847967871748,1.51941481732001,0.06432905729802818,0.917440523832423,0.17956575855207646,0.0,0.5,6.797426806955292e-05,48,12,0.7375492560561354,3,2,0.2
walk_forward,level_change,NOR_10Y,NOR,10Y,ZIRP_late,ZIRP,oos,25524bf871ef,108,v5,2026-06-30T17:59:54.741824+00:00,per_security,False,21,782,0.5076726342710998,1.0,-0.020307907004819326,0.011718182018833952,0.011486096508951407,0.08655816577087894,-0.020205777454653573,0.05953800642432329,0.4762617972024874,-0.5779491380823322,0.7182674740532493,,,0.34704021270788055,37,12,0.736867426401796,64,1,0.2
walk_forward,level_change,NOR_10Y,NOR,10Y,COVID,COVID,oos,25524bf871ef,108,v5,2026-06-30T17:59:54.741824+00:00,per_security,False,21,542,0.45571955719557194,1.0,-0.00451383273251138,0.026362061928807547,0.02626074260147601,0.1288228684736299,-0.0038582049589808154,0.003076724269790186,0.4987725665401721,-0.1874311182610155,0.5743035505090794,,,0.9823909990698267,26,12,0.7225792927186583,1,2,0.2
walk_forward,level_change,NOR_10Y,NOR,10Y,Hiking,Hiking,oos,25524bf871ef,108,v5,2026-06-30T17:59:54.741824+00:00,per_security,False,21,1111,0.43924392439243926,1.0,-0.0691644278000183,0.048433432733265114,0.04649300753375338,0.17445519023301478,-0.04173585023732884,-1.0489875740942303,0.8529080812794693,-1.4843692225406164,0.9310025506313411,-0.5079280438021982,0.6942480965882089,0.999977963407883,53,12,0.7133090884657112,91,2,0.2
walk_forward,level_change,NOR_10Y,NOR,10Y,ZIRP_early,ZIRP,oos,94eefbb154b1,108,v5,2026-06-30T17:59:54.741824+00:00,per_security,False,252,1011,0.6439169139465876,1.0,-0.0211281576789617,0.23791580379340244,0.28086613951533135,0.4048485948485272,0.1529210170939257,1.398882853708352,0.080924057553724,0.6939398609651986,0.24393974674373728,,,2.0715629475279468e-20,4,12,0.7364132163992775,1,3,0.05
walk_forward,level_change,NOR_10Y,NOR,10Y,ZIRP_late,ZIRP,oos,94eefbb154b1,108,v5,2026-06-30T17:59:54.741824+00:00,per_security,False,252,782,0.6867007672634271,1.0,-0.015412900709918409,0.1694617561628335,0.19762560281329927,0.33725001542787725,0.14251112330355653,1.070486276303979,0.14220024151382282,0.25806099947972216,0.3982139079244578,,,3.092225517581407e-26,3,12,0.7313112171152826,1,2,0.05
walk_forward,level_change,NOR_10Y,NOR,10Y,COVID,COVID,oos,94eefbb154b1,108,v5,2026-06-30T17:59:54.741824+00:00,per_security,False,252,524,0.4675572519083969,1.0,-0.8263489410776448,0.771465504279981,0.7490391758778626,0.7607428816790643,-0.02994012746507546,-0.6531616698593463,0.74317397093218,-0.419444457347796,0.6624682148836226,0.5551631157793899,0.28939154751323104,0.9369058703632291,2,12,0.729612522214483,35,2,0.05
walk_forward,level_change,NOR_10Y,NOR,10Y,Hiking,Hiking,oos,94eefbb154b1,108,v5,2026-06-30T17:59:54.741824+00:00,per_security,False,252,933,0.28188638799571275,1.0,-0.7748520476358098,0.35735659951490706,0.2664490572293676,0.43056490365213135,-0.34118169991227787,-2.589054481148942,0.9951880066627331,-2.371990341886005,0.9910525889748051,,,1.0,4,12,0.7195204209270477,2,2,0.05
walk_forward,level_change,NOR_10Y,NOR,10Y,ZIRP_early,ZIRP,oos,bd50ee1ef41d,108,v5,2026-06-30T17:59:54.741824+00:00,per_security,False,252,1011,0.6439169139465876,1.0,-0.02112814393968887,0.23791580059224685,0.28086613951533135,0.4048485942294879,0.1529210284913679,1.3988828892718264,0.08092405222056398,0.6939398528640758,0.24393974928296344,,,2.0715629475279468e-20,4,12,0.7364132163992775,1,3,0.1
walk_forward,level_change,NOR_10Y,NOR,10Y,ZIRP_late,ZIRP,oos,bd50ee1ef41d,108,v5,2026-06-30T17:59:54.741824+00:00,per_security,False,252,782,0.6867007672634271,1.0,-0.03647059150423515,0.1729760637516419,0.19762560281329927,0.3442468415825263,0.1247284699490292,1.0598305607256049,0.144610845414609,0.21344068362555738,0.41551947748338847,,,3.092225517581407e-26,3,12,0.7313112171152826,1,2,0.1
walk_forward,level_change,NOR_10Y,NOR,10Y,COVID,COVID,oos,bd50ee1ef41d,108,v5,2026-06-30T17:59:54.741824+00:00,per_security,False,252,524,0.15267175572519084,1.0,-1.1445544741522338,0.9058782588838294,0.7490391758778626,0.8253460350192913,-0.2093870228111283,-2.5882788472815963,0.9951771568844081,-1.4610657888771295,0.9277010528761074,,,1.0,2,12,0.729612522214483,16,2,0.1
walk_forward,level_change,NOR_10Y,NOR,10Y,Hiking,Hiking,oos,bd50ee1ef41d,108,v5,2026-06-30T17:59:54.741824+00:00,per_security,False,252,933,0.28188638799571275,1.0,-0.7820201115420324,0.35879984935989856,0.2664490572293676,0.431822576827571,-0.34659830697405125,-2.515523191300779,0.9940572071312406,-2.303620801260363,0.9892683834510161,,,1.0,4,12,0.7195204209270477,2,2,0.1
walk_forward,level_change,NOR_10Y,NOR,10Y,ZIRP_early,ZIRP,oos,25524bf871ef,108,v5,2026-06-30T17:59:54.741824+00:00,per_security,False,252,1011,0.6439169139465876,1.0,-0.02112813917490053,0.2379157994820841,0.28086613951533135,0.4048485941557927,0.1529210324440079,1.3988829248353043,0.08092404688740373,0.6939398805480661,0.24393974060565848,,,2.0715629475279468e-20,4,12,0.7364132163992775,1,3,0.2
walk_forward,level_change,NOR_10Y,NOR,10Y,ZIRP_late,ZIRP,oos,25524bf871ef,108,v5,2026-06-30T17:59:54.741824+00:00,per_security,False,252,782,0.6867007672634271,1.0,-0.02491026470126223,0.17104676653621514,0.19762560281329927,0.34153251349578423,0.1344908549232544,1.068999721485382,0.14253489745327252,0.23178393607812492,0.40838327507180594,,,3.092225517581407e-26,3,12,0.7313112171152826,1,2,0.2
walk_forward,level_change,NOR_10Y,NOR,10Y,COVID,COVID,oos,25524bf871ef,108,v5,2026-06-30T17:59:54.741824+00:00,per_security,False,252,524,0.20610687022900764,1.0,-1.0327014148896492,0.8586305644107501,0.7490391758778626,0.8039616923240676,-0.14630928803483223,-2.0777909208441274,0.981135689787586,-1.2484566025902244,0.8937887650755326,2.310851982514959,0.01042051604618821,1.0,2,12,0.729612522214483,9,2,0.2
walk_forward,level_change,NOR_10Y,NOR,10Y,Hiking,Hiking,oos,25524bf871ef,108,v5,2026-06-30T17:59:54.741824+00:00,per_security,False,252,933,0.28188638799571275,1.0,-0.8002286352186361,0.362466034443847,0.2664490572293676,0.43453838070873785,-0.3603577292143503,-2.3925269278649886,0.9916335999054521,-2.162914398926771,0.9845992766358254,,,1.0,4,12,0.7195204209270477,2,2,0.2
walk_forward,level_change,NOR_30Y,NOR,30Y,GFC,GFC,oos,94eefbb154b1,108,v5,2026-06-30T17:59:54.741824+00:00,per_security,False,1,559,0.46332737030411447,1.0,-0.002046152558652148,0.0018738191061474089,0.0018707848837209269,0.033589270775825304,-0.0016218980882756195,-0.5246978083064652,0.7001033594251057,-0.7985028818282573,0.7875407821274472,,,0.9622144195293889,559,12,0.7895833340788984,1,2,0.05
walk_forward,level_change,NOR_30Y,NOR,30Y,ZIRP_early,ZIRP,oos,94eefbb154b1,108,v5,2026-06-30T17:59:54.741824+00:00,per_security,False,1,810,0.5,1.0,-0.000372245146755823,0.0015741632767900288,0.0015755827160493826,0.02961680728173029,0.0009008979629536729,0.9189223028166476,0.1790681067112665,0.6683713958257222,0.2520435986344953,0.8306389410711859,0.20308881461135964,0.5140130772098706,810,12,0.7493318822478486,1,6,0.05
walk_forward,level_change,NOR_30Y,NOR,30Y,ZIRP_late,ZIRP,oos,94eefbb154b1,108,v5,2026-06-30T17:59:54.741824+00:00,per_security,False,1,626,0.48242811501597443,1.0,0.004033885609581289,0.0007421659774405914,0.0007455650006389777,0.020631924439601226,0.004558989753372544,1.8271352568557073,0.0338397176787969,1.1295273247308317,0.12955438457435278,-0.3785975139702202,0.6475066157305163,0.8210164514072572,626,12,0.7494727853902806,4,6,0.05
walk_forward,level_change,NOR_30Y,NOR,30Y,COVID,COVID,oos,94eefbb154b1,108,v5,2026-06-30T17:59:54.741824+00:00,per_security,False,1,418,0.5239234449760766,1.0,-0.0025451951107109405,0.0013459072685609742,0.0013430945215311006,0.02791905946944989,-0.0020942286524012754,0.44954424245138197,0.3265195500175434,-0.1995219947830704,0.579024152825567,1.892159442014584,0.029234870190915196,0.176368239830596,418,12,0.7336173580053909,6,7,0.05
walk_forward,level_change,NOR_30Y,NOR,30Y,Hiking,Hiking,oos,94eefbb154b1,108,v5,2026-06-30T17:59:54.741824+00:00,per_security,False,1,883,0.47791619479048697,1.0,-0.005144962691531196,0.0023944885855350048,0.0023828820951302386,0.03773187394472398,-0.004870778301824474,-0.6499159510360245,0.742126742960427,-1.4048121455825997,0.9197853873354565,-1.0299257263781987,0.8484775635034942,0.9108826375369161,883,12,0.7241000197776295,12,5,0.05
walk_forward,level_change,NOR_30Y,NOR,30Y,GFC,GFC,oos,bd50ee1ef41d,108,v5,2026-06-30T17:59:54.741824+00:00,per_security,False,1,559,0.46332737030411447,1.0,-0.0026677825743519623,0.0018749815498107058,0.0018707848837209269,0.03360353290124616,-0.0022432649131909344,-0.7272086592878498,0.7664509288033206,-1.0133461556365735,0.8443329813717585,,,0.9622144195293889,559,12,0.7895833340788984,1,2,0.1
walk_forward,level_change,NOR_30Y,NOR,30Y,ZIRP_early,ZIRP,oos,bd50ee1ef41d,108,v5,2026-06-30T17:59:54.741824+00:00,per_security,False,1,810,0.5111111111111111,1.0,0.0031688309222855926,0.0015685911190904845,0.0015755827160493826,0.029563846654543167,0.0044374674129638025,1.9883406045480405,0.023387016461072885,1.3322257251931968,0.09158058921853211,1.1027302264863483,0.1350721681513164,0.27516040253896523,810,12,0.7493318822478486,1,6,0.1
walk_forward,level_change,NOR_30Y,NOR,30Y,ZIRP_late,ZIRP,oos,bd50ee1ef41d,108,v5,2026-06-30T17:59:54.741824+00:00,per_security,False,1,626,0.48722044728434505,1.0,0.001943432495032038,0.0007437237243926579,0.0007455650006389777,0.02063061056210492,0.002469638790369433,1.3448081529399023,0.08934359835744732,0.8174527201499928,0.20699063162952552,-0.16357362923540017,0.5649665970633586,0.7515602293389997,626,12,0.7494727853902806,1,6,0.1
walk_forward,level_change,NOR_30Y,NOR,30Y,COVID,COVID,oos,bd50ee1ef41d,108,v5,2026-06-30T17:59:54.741824+00:00,per_security,False,1,418,0.5095693779904307,1.0,-0.014913342717167488,0.0013625113876005416,0.0013430945215311006,0.028112011514844666,-0.014456812799225949,-0.18349032060058576,0.572793343556883,-1.0119214994896326,0.8439188124492463,1.0914636785524274,0.13753445284809507,0.3660547799206906,418,12,0.7336173580053909,40,7,0.1
walk_forward,level_change,NOR_30Y,NOR,30Y,Hiking,Hiking,oos,bd50ee1ef41d,108,v5,2026-06-30T17:59:54.741824+00:00,per_security,False,1,883,0.47565118912797283,1.0,-0.007535540099023574,0.002400183495749498,0.0023828820951302386,0.037896751940432,-0.007260703605359797,-0.46092343912916,0.6775732326611372,-1.458900724384332,0.9275257724006839,0.30068965707025286,0.3818255782363217,0.9306813238915798,883,12,0.7241000197776295,8,5,0.1
walk_forward,level_change,NOR_30Y,NOR,30Y,GFC,GFC,oos,25524bf871ef,108,v5,2026-06-30T17:59:54.741824+00:00,per_security,False,1,559,0.46511627906976744,1.0,-0.004025366363153315,0.0018775202217422892,0.0018707848837209269,0.033616157530364184,-0.0036002739170983844,-0.7620895503385967,0.7769967204292744,-1.1493879556912365,0.8745557739233336,0.6768638406945996,0.24924617407824634,0.9547046337120655,559,12,0.7895833340788984,1,1,0.2
walk_forward,level_change,NOR_30Y,NOR,30Y,ZIRP_early,ZIRP,oos,25524bf871ef,108,v5,2026-06-30T17:59:54.741824+00:00,per_security,False,1,810,0.4901234567901235,1.0,0.0032754993116527187,0.001568423268110861,0.0015755827160493826,0.02956510944184962,0.00454400004873956,1.8847431715612801,0.02973226035389187,1.0633618354800694,0.14396759532541908,-0.3178547575737161,0.6247024438261699,0.7248395974610348,810,12,0.7493318822478486,1,6,0.2
walk_forward,level_change,NOR_30Y,NOR,30Y,ZIRP_late,ZIRP,oos,25524bf871ef,108,v5,2026-06-30T17:59:54.741824+00:00,per_security,False,1,626,0.48562300319488816,1.0,0.007557267606956963,0.0007395404521278357,0.0007455650006389777,0.020580947597919688,0.008080514114770287,2.4771079753048975,0.0066225912582251745,0.7395950604885817,0.22991171717256303,0.8415388525495237,0.2000230643490457,0.7761783034157014,626,12,0.7494727853902806,70,2,0.2
walk_forward,level_change,NOR_30Y,NOR,30Y,COVID,COVID,oos,25524bf871ef,108,v5,2026-06-30T17:59:54.741824+00:00,per_security,False,1,418,0.507177033492823,1.0,-0.0081154747480221,0.0013533853153246875,0.0013430945215311006,0.028017391559381946,-0.007662002657754519,-0.008419438603976348,0.5033588303534521,-0.7747644954976219,0.7805410427107334,0.6547538423645307,0.2563131265768541,0.40341715972486286,418,12,0.7336173580053909,13,2,0.2
walk_forward,level_change,NOR_30Y,NOR,30Y,Hiking,Hiking,oos,25524bf871ef,108,v5,2026-06-30T17:59:54.741824+00:00,per_security,False,1,883,0.464326160815402,1.0,-0.006106812502688186,0.0023967799350211993,0.0023828820951302386,0.03781702163188156,-0.005832365738683842,-0.5549864666775025,0.710548041393974,-1.4211977456346463,0.9221936322713772,-0.334867228777366,0.6311373780433994,0.984399990808089,883,12,0.7241000197776295,3,5,0.2
walk_forward,level_change,NOR_30Y,NOR,30Y,GFC,GFC,oos,94eefbb154b1,108,v5,2026-06-30T17:59:54.741824+00:00,per_security,False,21,688,0.5392441860465116,1.0,-0.01854760703140146,0.02196192934659628,0.022058330305232556,0.11496862802950367,0.004370274508647021,0.7147765145180331,0.23737357470780984,0.5468223446020497,0.2923391764079377,-2.6366026668035607,0.9958129572399154,0.021621160588374717,33,12,0.7791260618782504,13,2,0.05
walk_forward,level_change,NOR_30Y,NOR,30Y,ZIRP_early,ZIRP,oos,94eefbb154b1,108,v5,2026-06-30T17:59:54.741824+00:00,per_security,False,21,1005,0.5771144278606966,1.0,-0.002083015718554071,0.01571270692046598,0.016055074378109456,0.10136286473973326,0.021324563784661188,1.659499655336057,0.048507575023573724,1.1006711483664537,0.1356518124646222,,,5.666428387843105e-07,48,12,0.7367972882366148,2,2,0.05
walk_forward,level_change,NOR_30Y,NOR,30Y,ZIRP_late,ZIRP,oos,94eefbb154b1,108,v5,2026-06-30T17:59:54.741824+00:00,per_security,False,21,782,0.5140664961636828,1.0,-0.006908395747176499,0.012957022350066042,0.012873947034015345,0.08891815008546461,-0.006452979481055721,0.24210286413881935,0.40435022947518784,-0.2364288273896446,0.5934190390521766,,,0.22634937139829112,37,12,0.7366130153892867,20,3,0.05
walk_forward,level_change,NOR_30Y,NOR,30Y,COVID,COVID,oos,94eefbb154b1,108,v5,2026-06-30T17:59:54.741824+00:00,per_security,False,21,523,0.4875717017208413,1.0,0.001955039796074476,0.02652646107041503,0.02660388780114723,0.12888676826270087,0.00291035397949857,0.34941144176693145,0.36339022235586993,0.12824426302458744,0.4490025321338005,,,0.7297694928892393,25,12,0.7225942660090873,57,1,0.05
walk_forward,level_change,NOR_30Y,NOR,30Y,Hiking,Hiking,oos,94eefbb154b1,108,v5,2026-06-30T17:59:54.741824+00:00,per_security,False,21,1083,0.4136657433056325,1.0,-0.08424947236577429,0.038634591492354486,0.036401586546629734,0.15594068369032887,-0.06134361596751603,-1.01445098534853,0.8448161968486829,-1.6244568743166297,0.9477152083898852,-1.7183387059750261,0.957132573356121,0.9999999948825243,52,12,0.7137341390929375,39,2,0.05
walk_forward,level_change,NOR_30Y,NOR,30Y,GFC,GFC,oos,bd50ee1ef41d,108,v5,2026-06-30T17:59:54.741824+00:00,per_security,False,21,688,0.565406976744186,1.0,-0.022611770316234292,0.02204956085866146,0.022058330305232556,0.11515624357630236,0.0003975571337334616,0.2337924422772818,0.40757305859476656,0.026621837461054364,0.48938454333028286,2.9000243479379035,0.001865668373610907,0.0003400974546806414,33,12,0.7791260618782504,22,2,0.1
walk_forward,level_change,NOR_30Y,NOR,30Y,ZIRP_early,ZIRP,oos,bd50ee1ef41d,108,v5,2026-06-30T17:59:54.741824+00:00,per_security,False,21,1005,0.5771144278606966,1.0,-0.006378241225890369,0.015780056250307373,0.016055074378109456,0.10172996249516583,0.01712967011707278,1.503716086822712,0.06632724266309897,1.14781118195796,0.12565997006086246,,,5.666428387843105e-07,48,12,0.7367972882366148,3,2,0.1
walk_forward,level_change,NOR_30Y,NOR,30Y,ZIRP_late,ZIRP,oos,bd50ee1ef41d,108,v5,2026-06-30T17:59:54.741824+00:00,per_security,False,21,782,0.5140664961636828,1.0,-0.005622727653245008,0.012940478213282402,0.012873947034015345,0.08887955252417899,-0.005167892884075931,0.2947618661648615,0.38408789958802125,-0.1886331847001068,0.5747853368359827,,,0.22634937139829112,37,12,0.7366130153892867,208,1,0.1
walk_forward,level_change,NOR_30Y,NOR,30Y,COVID,COVID,oos,bd50ee1ef41d,108,v5,2026-06-30T17:59:54.741824+00:00,per_security,False,21,523,0.4875717017208413,1.0,0.020117134203677556,0.026043741243682927,0.02660388780114723,0.1270294970090656,0.021055063893336334,1.1051301610321924,0.13455159660978133,0.7628268248766792,0.2229556297555288,,,0.7297694928892393,25,12,0.7225942660090873,1165,1,0.1
walk_forward,level_change,NOR_30Y,NOR,30Y,Hiking,Hiking,oos,bd50ee1ef41d,108,v5,2026-06-30T17:59:54.741824+00:00,per_security,False,21,1083,0.4182825484764543,1.0,-0.09236973890101985,0.03892393743016133,0.036401586546629734,0.1566572266429582,-0.06929233373662202,-1.0181462145015037,0.8456957622399266,-1.686118901939764,0.953969401289119,-1.0372380194433601,0.8501875283082866,0.9999999703230227,52,12,0.7137341390929375,54,2,0.1
walk_forward,level_change,NOR_30Y,NOR,30Y,GFC,GFC,oos,25524bf871ef,108,v5,2026-06-30T17:59:54.741824+00:00,per_security,False,21,688,0.5450581395348837,1.0,-0.02182436101439933,0.022032582734777637,0.022058330305232556,0.11504991423465472,0.0011672492930623335,0.3096175371992793,0.378425909232216,0.06258783438003987,0.4750564608919495,1.9069609196254513,0.02826282418985393,0.009986673141554023,33,12,0.7791260618782504,9,2,0.2
walk_forward,level_change,NOR_30Y,NOR,30Y,ZIRP_early,ZIRP,oos,25524bf871ef,108,v5,2026-06-30T17:59:54.741824+00:00,per_security,False,21,1005,0.5771144278606966,1.0,-0.009735529288148914,0.015832698678671476,0.016055074378109456,0.1021132654496501,0.013850804686472373,1.3259129403732282,0.09243426808934452,1.0185028896483577,0.15434219508688773,,,5.666428387843105e-07,48,12,0.7367972882366148,1,1,0.2
walk_forward,level_change,NOR_30Y,NOR,30Y,ZIRP_late,ZIRP,oos,25524bf871ef,108,v5,2026-06-30T17:59:54.741824+00:00,per_security,False,21,782,0.5140664961636828,1.0,-0.0003407411304114927,0.012872508954392356,0.012873947034015345,0.08878011424452142,0.00011170464032428384,0.5852618549656876,0.27918582965993133,0.00373286110517685,0.4985112839589477,,,0.22634937139829112,37,12,0.7366130153892867,594,1,0.2
walk_forward,level_change,NOR_30Y,NOR,30Y,COVID,COVID,oos,25524bf871ef,108,v5,2026-06-30T17:59:54.741824+00:00,per_security,False,21,523,0.4875717017208413,1.0,0.01891318498089689,0.02607574031533028,0.02660388780114723,0.12715604024886815,0.019852267073317664,1.0628433801823436,0.14392649160589044,0.7318091277694916,0.23230674281434952,,,0.7297694928892393,25,12,0.7225942660090873,510,1,0.2
walk_forward,level_change,NOR_30Y,NOR,30Y,Hiking,Hiking,oos,25524bf871ef,108,v5,2026-06-30T17:59:54.741824+00:00,per_security,False,21,1083,0.4164358264081256,1.0,-0.08664645867751397,0.03872000226665237,0.036401586546629734,0.1561333258690705,-0.06368996354191303,-0.9880520118173626,0.8384364119279304,-1.6352913270003764,0.9488605771233951,-1.0447816805934396,0.8519380582031787,0.9999999851442305,52,12,0.7137341390929375,29,3,0.2
walk_forward,level_change,NOR_30Y,NOR,30Y,ZIRP_early,ZIRP,oos,94eefbb154b1,108,v5,2026-06-30T17:59:54.741824+00:00,per_security,False,252,1013,0.6791707798617966,1.0,-0.0009825277642905306,0.2018686925880292,0.2518947625863771,0.3689048150987875,0.19859908751057698,1.595812244325832,0.05526535937273391,0.8560022015488749,0.19609959496560503,,,6.614201659741651e-31,4,12,0.7342530750523502,10,2,0.05
walk_forward,level_change,NOR_30Y,NOR,30Y,ZIRP_late,ZIRP,oos,94eefbb154b1,108,v5,2026-06-30T17:59:54.741824+00:00,per_security,False,252,782,0.6828644501278772,1.0,-0.0025813595336150463,0.15557127513409336,0.1956406379803069,0.3244365661424993,0.2048110416111345,1.206753922151923,0.11376346303697638,0.36860168382198466,0.3562622664290501,,,3.2072445149255486e-25,3,12,0.7312857077997245,1,1,0.05
walk_forward,level_change,NOR_30Y,NOR,30Y,COVID,COVID,oos,94eefbb154b1,108,v5,2026-06-30T17:59:54.741824+00:00,per_security,False,252,522,0.23563218390804597,1.0,-0.8491448802238566,0.6808939625248074,0.5459547913601533,0.7076255971118864,-0.2471618040542809,-2.684123865381531,0.9963639920677406,-1.595777229034526,0.9444275476334563,,,1.0,2,12,0.7298094032691848,1,2,0.05
walk_forward,level_change,NOR_30Y,NOR,30Y,Hiking,Hiking,oos,94eefbb154b1,108,v5,2026-06-30T17:59:54.741824+00:00,per_security,False,252,919,0.2578890097932535,1.0,-1.2038979743060447,0.2707788688294671,0.17997519948857452,0.42336799710785344,-0.504534344725964,-5.0023462589112935,0.9999997168162729,-4.833778325441158,0.9999992150745916,,,1.0,4,12,0.7198523076140497,14,2,0.05
walk_forward,level_change,NOR_30Y,NOR,30Y,ZIRP_early,ZIRP,oos,bd50ee1ef41d,108,v5,2026-06-30T17:59:54.741824+00:00,per_security,False,252,1013,0.6791707798617966,1.0,0.014735189661460035,0.1986988919379708,0.2518947625863771,0.3657755762314514,0.21118291663632716,1.6005632130389045,0.05473684778209087,0.9064801865126316,0.18244876219541717,,,6.614201659741651e-31,4,12,0.7342530750523502,9,2,0.1
walk_forward,level_change,NOR_30Y,NOR,30Y,ZIRP_late,ZIRP,oos,bd50ee1ef41d,108,v5,2026-06-30T17:59:54.741824+00:00,per_security,False,252,782,0.6828644501278772,1.0,-0.00258132201416017,0.15557126931217238,0.1956406379803069,0.3244365514318901,0.20481107136937404,1.2067539621912078,0.11376345532484167,0.3686018170532526,0.3562622167882466,,,3.2072445149255486e-25,3,12,0.7312857077997245,1,1,0.1
walk_forward,level_change,NOR_30Y,NOR,30Y,COVID,COVID,oos,bd50ee1ef41d,108,v5,2026-06-30T17:59:54.741824+00:00,per_security,False,252,522,0.23563218390804597,1.0,-0.7142677861282125,0.6312293851113293,0.5459547913601533,0.6796586021069366,-0.1561935074124523,-2.7034372330539465,0.9965686796110161,-1.5780472309635962,0.9424191511631889,,,1.0,2,12,0.7298094032691848,25,2,0.1
walk_forward,level_change,NOR_30Y,NOR,30Y,Hiking,Hiking,oos,bd50ee1ef41d,108,v5,2026-06-30T17:59:54.741824+00:00,per_security,False,252,919,0.2578890097932535,1.0,-1.1946461982983116,0.2696421621981965,0.17997519948857452,0.4225208525342184,-0.4982184376759886,-5.044566114362293,0.9999997727241778,-4.768994646855189,0.9999989237819572,,,1.0,4,12,0.7198523076140497,1,2,0.1
walk_forward,level_change,NOR_30Y,NOR,30Y,ZIRP_early,ZIRP,oos,25524bf871ef,108,v5,2026-06-30T17:59:54.741824+00:00,per_security,False,252,1013,0.6791707798617966,1.0,0.03297132082273968,0.19502120141562615,0.2518947625863771,0.3610424386126091,0.22578302377862447,1.6993256975975748,0.04462891663464452,1.0369024164673473,0.15001451458982473,,,6.614201659741651e-31,4,12,0.7342530750523502,24,2,0.2
walk_forward,level_change,NOR_30Y,NOR,30Y,ZIRP_late,ZIRP,oos,25524bf871ef,108,v5,2026-06-30T17:59:54.741824+00:00,per_security,False,252,782,0.6828644501278772,1.0,-0.0025812738824964043,0.15557126184354725,0.1956406379803069,0.3244365438860335,0.2048111095445979,1.2067540422697467,0.11376343990057936,0.3686018712797019,0.3562621965839473,,,3.2072445149255486e-25,3,12,0.7312857077997245,1,1,0.2
walk_forward,level_change,NOR_30Y,NOR,30Y,COVID,COVID,oos,25524bf871ef,108,v5,2026-06-30T17:59:54.741824+00:00,per_security,False,252,522,0.23563218390804597,1.0,-0.6875982426451646,0.6214090993483761,0.5459547913601533,0.6729250609892082,-0.13820614670354137,-2.5139002505416457,0.9940297899574589,-1.4144775629266038,0.9210904697762979,,,1.0,2,12,0.7298094032691848,1,3,0.2
walk_forward,level_change,NOR_30Y,NOR,30Y,Hiking,Hiking,oos,25524bf871ef,108,v5,2026-06-30T17:59:54.741824+00:00,per_security,False,252,919,0.2578890097932535,1.0,-1.1946451080513216,0.26964202824651173,0.17997519948857452,0.4225207369894146,-0.49821769339741495,-5.044565118907076,0.9999997727229947,-4.7690060425806875,0.9999989238413517,,,1.0,4,12,0.7198523076140497,1,2,0.2
