notebook,run_ts,model_kind,is_pooled,validation_scheme,target_kind,security,country,tenor,horizon,fold,regime,sample,config_hash,feature_count,n_obs,dir_acc,dir_coverage,r2_raw,mse_model,mse_rw,mae,ct_r2_oos,cw_stat,cw_pval,dmh_stat,dmh_pval,pt_stat,pt_pval,binom_pval,n_eff,agg_level,use_categoricals,n_securities,pca_k,tau_w
xgboost_pooled_v5,2026-06-30T19:50:30.691620+00:00,pooled,True,walk_forward,level_change,__POOL__,__ALL__,__ALL__,1,GFC,GFC,train,075a5e5302df,80,46413,0.5927434124060069,1.0,0.8859604565989379,0.002786056372416528,0.024436430290374827,0.030708337111675834,0.8859875874131289,4.398356084081453,5.453695866131092e-06,4.479513144028833,3.7495896196775165e-06,56.438159328984746,0.0,0.0,46413,aggregate,True,77,12,
xgboost_pooled_v5,2026-06-30T19:50:30.691620+00:00,pooled,True,walk_forward,level_change,__POOL_NOR__,NOR,__ALL__,1,GFC,GFC,train,075a5e5302df,80,3869,0.6306539157405014,1.0,0.28821475863272217,0.001756301264096104,0.0024675794649780297,0.02993126626340132,0.28824935973774557,12.277902683928424,0.0,11.528433617130407,1.472569520873623e-30,18.87303843786449,0.0,2.931599586649799e-60,3869,aggregate_nor,True,5,12,
xgboost_pooled_v5,2026-06-30T19:50:30.691620+00:00,pooled,True,walk_forward,level_change,NOR_10Y,NOR,10Y,1,GFC,GFC,train,075a5e5302df,80,780,0.6410256410256411,1.0,0.2925308445597423,0.0013146651587849158,0.001858540474358975,0.02793062073371324,0.29263571231164387,6.026124760868642,8.39687874787387e-10,5.878875233835024,3.0620697963044406e-09,9.086573509561168,0.0,1.4675801395171813e-15,780,per_security,True,77,12,
xgboost_pooled_v5,2026-06-30T19:50:30.691620+00:00,pooled,True,walk_forward,level_change,NOR_15Y,NOR,15Y,1,GFC,GFC,train,075a5e5302df,80,769,0.6176853055916776,1.0,0.2660127266979414,0.001745680344476791,0.0023785185305591657,0.03008424218659791,0.26606401335607877,6.1822677617853214,3.159361661175808e-10,5.924478713953574,2.363415581103209e-09,7.923440996081489,1.1102230246251565e-15,3.5039771475886893e-11,769,per_security,True,77,12,
xgboost_pooled_v5,2026-06-30T19:50:30.691620+00:00,pooled,True,walk_forward,level_change,NOR_1Y,NOR,1Y,1,GFC,GFC,train,075a5e5302df,80,773,0.6494178525226391,1.0,0.3529943282418716,0.001942613904720725,0.003002844369340233,0.028184376116620655,0.35307539592951187,5.004737931539595,2.7969040217179497e-07,4.576195327073385,2.757989524640418e-06,8.10975901101552,2.220446049250313e-16,3.8856328542067623e-17,773,per_security,True,77,12,
xgboost_pooled_v5,2026-06-30T19:50:30.691620+00:00,pooled,True,walk_forward,level_change,NOR_30Y,NOR,30Y,1,GFC,GFC,train,075a5e5302df,80,767,0.6088657105606258,1.0,0.2291917001885978,0.0023645646599350597,0.003068665254237287,0.034662275363203994,0.22944848524288797,6.447942615284915,5.668931990499004e-11,6.174218993289322,5.389581546956167e-10,7.749786402106911,4.551914400963142e-15,8.881103377435798e-10,767,per_security,True,77,12,
xgboost_pooled_v5,2026-06-30T19:50:30.691620+00:00,pooled,True,walk_forward,level_change,NOR_5Y,NOR,5Y,1,GFC,GFC,train,075a5e5302df,80,780,0.6358974358974359,1.0,0.3021459061733478,0.001425642230145678,0.0020428944647435912,0.028860147202031217,0.3021459234681445,7.000330069791166,1.27675647831893e-12,6.654861950341072,2.6726381290052655e-11,9.009450733673427,0.0,1.463410075439108e-14,780,per_security,True,77,12,
xgboost_pooled_v5,2026-06-30T19:50:30.691620+00:00,pooled,True,walk_forward,level_change,AUS_10Y,AUS,10Y,1,GFC,GFC,train,075a5e5302df,80,790,0.6569620253164556,1.0,0.241192079417602,0.0032278392443340865,0.004253942640886077,0.0435745101106237,0.241212325406028,8.816332410837662,0.0,8.47364249158082,5.796880243281299e-17,10.15587505103654,0.0,3.959847155118097e-19,790,per_security_nonnok,True,77,12,
xgboost_pooled_v5,2026-06-30T19:50:30.691620+00:00,pooled,True,walk_forward,level_change,AUS_15Y,AUS,15Y,1,GFC,GFC,train,075a5e5302df,80,790,0.6620253164556962,1.0,0.2438793524341547,0.0033598804090519863,0.00444394803126582,0.044678446015393045,0.24394246165499078,8.898454312770383,0.0,8.587170371514528,2.360364807888617e-17,10.221783194080622,0.0,2.758697689191359e-20,790,per_security_nonnok,True,77,12,
xgboost_pooled_v5,2026-06-30T19:50:30.691620+00:00,pooled,True,walk_forward,level_change,AUS_1Y,AUS,1Y,1,GFC,GFC,train,075a5e5302df,80,788,0.6154822335025381,1.0,0.25158153005631667,0.0028840021451784453,0.003857030661928933,0.034176858395155996,0.25227399054791755,4.18417574438256,1.43101320015937e-05,3.475171895208161,0.00026923492172367376,7.219374352174108,2.611244553918368e-13,4.707234545838505e-11,788,per_security_nonnok,True,77,12,
xgboost_pooled_v5,2026-06-30T19:50:30.691620+00:00,pooled,True,walk_forward,level_change,AUS_30Y,AUS,30Y,1,GFC,GFC,train,075a5e5302df,80,783,0.6372924648786717,1.0,0.3007463466098892,0.004780627894339366,0.006836764806257979,0.0484299367508394,0.30074705949172686,2.85521209025757,0.0021504048768298256,2.907704303720635,0.0018719858096713927,8.309063682512933,0.0,7.028560125743866e-15,783,per_security_nonnok,True,77,12,
xgboost_pooled_v5,2026-06-30T19:50:30.691620+00:00,pooled,True,walk_forward,level_change,AUS_5Y,AUS,5Y,1,GFC,GFC,train,075a5e5302df,80,790,0.6620253164556962,1.0,0.20063927222104194,0.003991241632185535,0.004993805011139239,0.047141014076449,0.20076141874129538,8.464197880101642,0.0,7.908094725359813,4.40542092179791e-15,9.703242846778974,0.0,2.758697689191359e-20,790,per_security_nonnok,True,77,12,
xgboost_pooled_v5,2026-06-30T19:50:30.691620+00:00,pooled,True,walk_forward,level_change,BRAZ_1M,BRAZ,1M,1,GFC,GFC,train,075a5e5302df,80,670,0.6940298507462687,1.0,0.253542347371865,0.000801455187494509,0.0011281732835820863,0.018363846460506497,0.28959921391703936,4.3228841037070005,7.700132155119555e-06,3.659881409593685,0.0001361076707998368,7.620671369155717,1.2656542480726785e-14,1.9006955675970606e-24,670,per_security_nonnok,True,77,12,
xgboost_pooled_v5,2026-06-30T19:50:30.691620+00:00,pooled,True,walk_forward,level_change,BRAZ_1Y,BRAZ,1Y,1,GFC,GFC,train,075a5e5302df,80,700,0.6085714285714285,1.0,0.3881344416126039,0.008167089649616741,0.013360762657142878,0.05525025724957743,0.3887257891486843,2.6035660345161924,0.004612974644154111,2.6421237752949236,0.0042115647836536325,5.535013876193523,1.5560185806506865e-08,5.048707481127687e-09,700,per_security_nonnok,True,77,12,
xgboost_pooled_v5,2026-06-30T19:50:30.691620+00:00,pooled,True,walk_forward,level_change,BRAZ_3M,BRAZ,3M,1,GFC,GFC,train,075a5e5302df,80,644,0.6739130434782609,1.0,0.3038907669342015,0.0010368819119497238,0.0015169599223602498,0.020812034955545507,0.3164737600078247,3.872573720285808,5.3846043539085287e-05,3.6381743859730276,0.0001482994989798334,7.94876607397632,8.881784197001252e-16,3.401025513103546e-19,644,per_security_nonnok,True,77,12,
xgboost_pooled_v5,2026-06-30T19:50:30.691620+00:00,pooled,True,walk_forward,level_change,BRAZ_6M,BRAZ,6M,1,GFC,GFC,train,075a5e5302df,80,700,0.6428571428571429,1.0,0.3553809029020111,0.0029650789626961696,0.004629573014285717,0.03370556531523061,0.35953511186740783,2.966885337145514,0.0015041656369978451,2.9847701994489335,0.00146847024938799,6.643097814959143,1.5357937144244715e-11,1.8268076239538166e-14,700,per_security_nonnok,True,77,12,
xgboost_pooled_v5,2026-06-30T19:50:30.691620+00:00,pooled,True,walk_forward,level_change,CAN_1M,CAN,1M,1,GFC,GFC,train,075a5e5302df,80,669,0.5336322869955157,1.0,0.119578805001754,0.001604746191572773,0.0018382958707025402,0.021546951887917727,0.12704683878798662,2.297788427406407,0.01078691687264588,1.7076718216655826,0.04408094581110167,3.703190862840847,0.00010645228993000355,0.04442082807852503,669,per_security_nonnok,True,77,12,
xgboost_pooled_v5,2026-06-30T19:50:30.691620+00:00,pooled,True,walk_forward,level_change,CAN_1W,CAN,1W,1,GFC,GFC,train,075a5e5302df,80,346,0.3930635838150289,1.0,0.14010786968829225,0.002038111831211826,0.0024657651734104036,0.020190881472825526,0.1734363623958115,2.0330523037893764,0.021023619510615044,1.436935888732561,0.07582123130246149,0.7670964266740349,0.2215120931650083,0.9999740718061121,346,per_security_nonnok,True,77,12,
xgboost_pooled_v5,2026-06-30T19:50:30.691620+00:00,pooled,True,walk_forward,level_change,CAN_1Y,CAN,1Y,1,GFC,GFC,train,075a5e5302df,80,577,0.6499133448873483,1.0,0.20447859088341036,0.002802422466312872,0.0035339085788561528,0.03433847836085104,0.2069906722884287,5.653650046097826,7.853793171364032e-09,5.116791098879433,2.1200711926951054e-07,7.163290983965903,3.93796106834543e-13,2.7128502669400915e-13,577,per_security_nonnok,True,77,12,
xgboost_pooled_v5,2026-06-30T19:50:30.691620+00:00,pooled,True,walk_forward,level_change,CAN_3M,CAN,3M,1,GFC,GFC,train,075a5e5302df,80,703,0.5860597439544808,1.0,0.1949545931511415,0.0008886445345095354,0.0011190739687055478,0.017412281362543705,0.20591081612107742,3.952192021707503,3.871928009857584e-05,2.9557059027355654,0.0016120429711609704,7.3677986742315325,8.670841822322473e-14,2.860448206093931e-06,703,per_security_nonnok,True,77,12,
xgboost_pooled_v5,2026-06-30T19:50:30.691620+00:00,pooled,True,walk_forward,level_change,CAN_6M,CAN,6M,1,GFC,GFC,train,075a5e5302df,80,733,0.5961800818553888,1.0,0.18661704580303973,0.001410887835945778,0.0017402597203274239,0.023174196032906262,0.1892659357303722,5.431567211900533,2.7930634138861876e-08,4.5906369929595,2.600044431124031e-06,5.746374333115697,4.5588668395879495e-09,1.0722613004915476e-07,733,per_security_nonnok,True,77,12,
xgboost_pooled_v5,2026-06-30T19:50:30.691620+00:00,pooled,True,walk_forward,level_change,CHIN_10Y,CHIN,10Y,1,GFC,GFC,train,075a5e5302df,80,719,0.5910987482614742,1.0,0.20082957841260551,0.009238919795041082,0.011567159123783031,0.0621455410725412,0.20128013316207416,3.8303211705100546,6.398805620344561e-05,3.635218008502148,0.0001487895923069673,7.441167969579115,4.984901380566953e-14,5.840316053116581e-07,719,per_security_nonnok,True,77,12,
xgboost_pooled_v5,2026-06-30T19:50:30.691620+00:00,pooled,True,walk_forward,level_change,CHIN_1Y,CHIN,1Y,1,GFC,GFC,train,075a5e5302df,80,718,0.5501392757660167,1.0,0.16648510168708675,0.0035022230203657495,0.004201752270194987,0.038163101023391294,0.16648512450182473,3.9627137553409555,3.7051304491275694e-05,3.4945899400879656,0.0002519881727527437,4.738347109996957,1.0773425213050913e-06,0.004006110645503001,718,per_security_nonnok,True,77,12,
xgboost_pooled_v5,2026-06-30T19:50:30.691620+00:00,pooled,True,walk_forward,level_change,CHIN_3M,CHIN,3M,1,GFC,GFC,train,075a5e5302df,80,717,0.5383542538354253,1.0,0.24061796026884152,0.005222968448917745,0.006878914923291493,0.04729995114060784,0.24072786083846398,2.796688442307131,0.002581464659019428,2.6403672663343256,0.004231032274571788,4.689948667410242,1.3663679833131326e-06,0.021827572932263353,717,per_security_nonnok,True,77,12,
xgboost_pooled_v5,2026-06-30T19:50:30.691620+00:00,pooled,True,walk_forward,level_change,CHIN_5Y,CHIN,5Y,1,GFC,GFC,train,075a5e5302df,80,715,0.5804195804195804,1.0,0.14689147183814455,0.005016575436137376,0.00588360006993007,0.04797006674895471,0.14736294504854053,5.069486998376639,1.994446919839632e-07,4.695535519851334,1.5945188613838026e-06,5.786105923248121,3.601840048439442e-09,9.687577354550474e-06,715,per_security_nonnok,True,77,12,
xgboost_pooled_v5,2026-06-30T19:50:30.691620+00:00,pooled,True,walk_forward,level_change,CHIN_6M,CHIN,6M,1,GFC,GFC,train,075a5e5302df,80,716,0.5796089385474861,1.0,0.28425164440732553,0.004459384690550603,0.0062359458798882696,0.04258086171512032,0.2848904117444806,2.8526381925221584,0.002167897788304396,2.7789778778347762,0.0027980896646636814,7.175970101939897,3.589351038613131e-13,1.1614255739400222e-05,716,per_security_nonnok,True,77,12,
xgboost_pooled_v5,2026-06-30T19:50:30.691620+00:00,pooled,True,walk_forward,level_change,EUR_10Y,EUR,10Y,1,GFC,GFC,train,075a5e5302df,80,777,0.6833976833976834,1.0,0.2606523577619293,0.0015644541186300015,0.002119549314929215,0.02978686975951321,0.26189303187680335,7.690532313374032,7.327471962526033e-15,7.231041820024555,5.751608950493574e-13,10.381337644813872,0.0,3.290172195505287e-25,777,per_security_nonnok,True,77,12,
xgboost_pooled_v5,2026-06-30T19:50:30.691620+00:00,pooled,True,walk_forward,level_change,EUR_15Y,EUR,15Y,1,GFC,GFC,train,075a5e5302df,80,778,0.6606683804627249,1.0,0.23172623616384413,0.00177988389070573,0.00231920365141388,0.030240090317069514,0.23254523611126554,6.653540252582458,1.4306222873017305e-11,6.305835493986205,2.4027755088982405e-10,9.20985350074727,0.0,1.0758067746225801e-19,778,per_security_nonnok,True,77,12,
xgboost_pooled_v5,2026-06-30T19:50:30.691620+00:00,pooled,True,walk_forward,level_change,EUR_1Y,EUR,1Y,1,GFC,GFC,train,075a5e5302df,80,777,0.6525096525096525,1.0,0.24848848016431735,0.001050345607239019,0.0013986112516087513,0.021948717375017374,0.2490081814865568,7.426650116496954,5.573319583618286e-14,6.532808992444576,5.837401323839739e-11,8.972957838191054,0.0,7.138012500808499e-18,777,per_security_nonnok,True,77,12,
xgboost_pooled_v5,2026-06-30T19:50:30.691620+00:00,pooled,True,walk_forward,level_change,EUR_30Y,EUR,30Y,1,GFC,GFC,train,075a5e5302df,80,778,0.6349614395886889,1.0,0.22574818501715121,0.0019212663846148257,0.0024850294034704378,0.03175899307717757,0.22686372163979052,5.702045680189341,5.918904588675389e-09,5.367446964131773,5.2756821252784714e-08,7.472659825533289,3.930189507173054e-14,2.3776373532164627e-14,778,per_security_nonnok,True,77,12,
xgboost_pooled_v5,2026-06-30T19:50:30.691620+00:00,pooled,True,walk_forward,level_change,EUR_5Y,EUR,5Y,1,GFC,GFC,train,075a5e5302df,80,777,0.6756756756756757,1.0,0.23432342823310737,0.001780974841872811,0.0023262668658944655,0.031721229069361506,0.2344064784725315,8.174332011146523,1.1102230246251565e-16,7.432439654824959,1.4102999696818563e-13,9.978737123977258,0.0,3.0659630218475803e-23,777,per_security_nonnok,True,77,12,
xgboost_pooled_v5,2026-06-30T19:50:30.691620+00:00,pooled,True,walk_forward,level_change,JPY_10Y,JPY,10Y,1,GFC,GFC,train,075a5e5302df,80,84,0.5119047619047619,1.0,0.07985295703627016,0.000517968029761655,0.0005685029761904757,0.017612615250217328,0.08889126098768052,2.975319360894493,0.0014634183470922935,2.238080202152508,0.013946984678971744,1.322524159148354,0.09299683498839162,0.4566011811122985,84,per_security_nonnok,True,77,12,
xgboost_pooled_v5,2026-06-30T19:50:30.691620+00:00,pooled,True,walk_forward,level_change,JPY_15Y,JPY,15Y,1,GFC,GFC,train,075a5e5302df,80,84,0.5595238095238095,1.0,0.11100505121344983,0.0005990793770705995,0.0006752589285714289,0.019163734522609353,0.11281531909839992,2.726982929998681,0.003195817276693491,2.198729144149169,0.015340090543856865,2.1999552541768597,0.013905034931487648,0.16306708559599145,84,per_security_nonnok,True,77,12,
xgboost_pooled_v5,2026-06-30T19:50:30.691620+00:00,pooled,True,walk_forward,level_change,JPY_1M,JPY,1M,1,GFC,GFC,train,075a5e5302df,80,768,0.4309895833333333,1.0,-0.053192898126743327,0.00014752209731990306,0.00014007981673437508,0.007117310568824731,-0.05312885724029992,2.429305855009671,0.007563882258617816,-0.7615408622744436,0.7767159170326166,2.2084718206378313,0.013605700032610302,0.9999448856679606,768,per_security_nonnok,True,77,12,
xgboost_pooled_v5,2026-06-30T19:50:30.691620+00:00,pooled,True,walk_forward,level_change,JPY_1W,JPY,1W,1,GFC,GFC,train,075a5e5302df,80,311,0.4758842443729904,1.0,0.07756589672589265,0.0002704020664195016,0.0002962407073954983,0.008065912788815592,0.08722177719316826,1.6497490420011451,0.04949713754845875,0.6465768007030117,0.2591921438765996,2.654195534404586,0.003974887266584903,0.8178581210697227,311,per_security_nonnok,True,77,12,
xgboost_pooled_v5,2026-06-30T19:50:30.691620+00:00,pooled,True,walk_forward,level_change,JPY_1Y,JPY,1Y,1,GFC,GFC,train,075a5e5302df,80,772,0.5414507772020726,1.0,0.06898270971688669,0.00027343181076925195,0.00029381008593911914,0.011285375077029501,0.06935866447447214,4.895672980441923,4.898493478622257e-07,1.959987161569877,0.025178559995822667,3.8793401711091757,5.2370097637033375e-05,0.01165134191684527,772,per_security_nonnok,True,77,12,
xgboost_pooled_v5,2026-06-30T19:50:30.691620+00:00,pooled,True,walk_forward,level_change,JPY_30Y,JPY,30Y,1,GFC,GFC,train,075a5e5302df,80,84,0.5833333333333334,1.0,0.07616009187873696,0.0008999215082891367,0.0009781815476190465,0.023231386627661672,0.08000563854470522,2.451126934836433,0.007120486167413231,1.8800674750366262,0.03180351675116305,2.1083959429573182,0.01749837754204331,0.07782823185699853,84,per_security_nonnok,True,77,12,
xgboost_pooled_v5,2026-06-30T19:50:30.691620+00:00,pooled,True,walk_forward,level_change,JPY_3M,JPY,3M,1,GFC,GFC,train,075a5e5302df,80,774,0.49870801033591733,1.0,-0.026132950189364124,0.00012028717522716833,0.00011723264567183461,0.006981377008404229,-0.026055281255736196,3.1047692629161157,0.0009521375624220729,-0.34224481111590277,0.6338701519238485,4.623672094825561,1.8850283914906285e-06,0.5429312676217781,774,per_security_nonnok,True,77,12,
xgboost_pooled_v5,2026-06-30T19:50:30.691620+00:00,pooled,True,walk_forward,level_change,JPY_5Y,JPY,5Y,1,GFC,GFC,train,075a5e5302df,80,84,0.40476190476190477,1.0,0.008840876046363633,0.0001505915529274497,0.00015760372380952388,0.009043395539314372,0.04449241878668375,2.162048604333205,0.015307214987171136,0.6863756820555114,0.247194637594954,-0.438560087858411,0.669509838887833,0.9685138714819151,84,per_security_nonnok,True,77,12,
xgboost_pooled_v5,2026-06-30T19:50:30.691620+00:00,pooled,True,walk_forward,level_change,JPY_6M,JPY,6M,1,GFC,GFC,train,075a5e5302df,80,775,0.5561290322580645,1.0,0.03298127207310986,0.0001684419910907467,0.0001742277411870968,0.008297686144816515,0.03320797283445798,4.109326395979401,1.9840744592602988e-05,0.6868374348744247,0.2461954498259396,5.376917236687072,3.788599101106627e-08,0.0009938582378655066,775,per_security_nonnok,True,77,12,
xgboost_pooled_v5,2026-06-30T19:50:30.691620+00:00,pooled,True,walk_forward,level_change,NEWZ_10Y,NEWZ,10Y,1,GFC,GFC,train,075a5e5302df,80,789,0.6096324461343473,1.0,0.19840571578155464,0.0018814420883995625,0.002350478113181243,0.031863312096403404,0.19954919901247925,6.226459900508984,2.385461828069424e-10,5.627696895919468,1.2694103550849897e-08,6.891927293256043,2.752020833440838e-12,3.9386580217067926e-10,789,per_security_nonnok,True,77,12,
xgboost_pooled_v5,2026-06-30T19:50:30.691620+00:00,pooled,True,walk_forward,level_change,NEWZ_15Y,NEWZ,15Y,1,GFC,GFC,train,075a5e5302df,80,784,0.5676020408163265,1.0,0.1918051465483831,0.0019166175636319163,0.002374073740433673,0.03139920959216797,0.19268827627830676,5.6446489902338595,8.275929497258971e-09,5.0964544435444035,2.1709452958508024e-07,4.737575153941876,1.0814532778180563e-06,8.658751399443095e-05,784,per_security_nonnok,True,77,12,
xgboost_pooled_v5,2026-06-30T19:50:30.691620+00:00,pooled,True,walk_forward,level_change,NEWZ_1Y,NEWZ,1Y,1,GFC,GFC,train,075a5e5302df,80,789,0.5906210392902408,1.0,0.16995096979059854,0.002174058967186313,0.0026419822560202776,0.02736163619944162,0.1771106856481376,6.204100528306343,2.750530914141791e-10,4.800926160921719,9.449392996537666e-07,5.885268967347591,1.987035869177589e-09,2.0037467050048812e-07,789,per_security_nonnok,True,77,12,
xgboost_pooled_v5,2026-06-30T19:50:30.691620+00:00,pooled,True,walk_forward,level_change,NEWZ_5Y,NEWZ,5Y,1,GFC,GFC,train,075a5e5302df,80,789,0.6083650190114068,1.0,0.19374391432749694,0.002061579562258224,0.0025621673590621036,0.03214999757963953,0.1953766974016572,6.979240746212185,1.4839240947139842e-12,6.572566935308642,4.495200639679996e-11,7.343716453137544,1.0391687510491465e-13,6.186816526488615e-10,789,per_security_nonnok,True,77,12,
xgboost_pooled_v5,2026-06-30T19:50:30.691620+00:00,pooled,True,walk_forward,level_change,POL_10Y,POL,10Y,1,GFC,GFC,train,075a5e5302df,80,777,0.5508365508365508,1.0,0.19771999102548998,0.0022155723004904948,0.0027621883140283143,0.033632227276505076,0.19789237785190927,4.10521599713894,2.0196863584120983e-05,4.006038810657184,3.384337512061875e-05,4.268914457371977,9.821328769366033e-06,0.002552824154767776,777,per_security_nonnok,True,77,12,
xgboost_pooled_v5,2026-06-30T19:50:30.691620+00:00,pooled,True,walk_forward,level_change,POL_15Y,POL,15Y,1,GFC,GFC,train,075a5e5302df,80,772,0.5647668393782384,1.0,0.20459057315012408,0.0024186631754565765,0.003040965349740932,0.034374721932881665,0.2046396794154104,4.216907138688041,1.2383795366055494e-05,4.104634375835344,2.2406613715594365e-05,5.496791715562449,1.933815285681817e-08,0.00018012395293584126,772,per_security_nonnok,True,77,12,
xgboost_pooled_v5,2026-06-30T19:50:30.691620+00:00,pooled,True,walk_forward,level_change,POL_1Y,POL,1Y,1,GFC,GFC,train,075a5e5302df,80,780,0.5538461538461539,1.0,0.15481342643688822,0.001962158438773952,0.0023222094230769233,0.02841091344925726,0.15504673296257,4.004237971897589,3.110885501445004e-05,3.337496835237316,0.0004427403298977934,4.180204799849242,1.4562333687240248e-05,0.0014679374819102004,780,per_security_nonnok,True,77,12,
xgboost_pooled_v5,2026-06-30T19:50:30.691620+00:00,pooled,True,walk_forward,level_change,POL_5Y,POL,5Y,1,GFC,GFC,train,075a5e5302df,80,780,0.5576923076923077,1.0,0.22293878397505984,0.002492459292310216,0.0032081640512820514,0.03454316664437596,0.2230885788667274,3.0681979997267175,0.0010767693872870687,3.2231627707868005,0.0006603026149336391,5.277244642174029,6.557038012555694e-08,0.00071175121567824,780,per_security_nonnok,True,77,12,
xgboost_pooled_v5,2026-06-30T19:50:30.691620+00:00,pooled,True,walk_forward,level_change,SOFR_10Y,SOFR,10Y,1,GFC,GFC,train,075a5e5302df,80,628,0.7277070063694268,1.0,0.26810362463236115,0.005551096882297722,0.007585724740923567,0.057656816977763405,0.2682179920989497,8.703513878171124,0.0,8.52595652189962,5.663956376756153e-17,11.48713198588295,0.0,2.527855409250784e-31,628,per_security_nonnok,True,77,12,
xgboost_pooled_v5,2026-06-30T19:50:30.691620+00:00,pooled,True,walk_forward,level_change,SOFR_1M,SOFR,1M,1,GFC,GFC,train,075a5e5302df,80,628,0.5429936305732485,1.0,0.20028083884026748,0.0015322560806583531,0.001969508455414012,0.01845023499875146,0.2220109152381089,2.790882587419994,0.0026282268234607553,2.165145243070637,0.015376522722292325,2.4895926747939647,0.006394478573595097,0.017176358748495577,628,per_security_nonnok,True,77,12,
xgboost_pooled_v5,2026-06-30T19:50:30.691620+00:00,pooled,True,walk_forward,level_change,SOFR_1W,SOFR,1W,1,GFC,GFC,train,075a5e5302df,80,625,0.5344,1.0,0.17763050093539767,0.0023559244567101603,0.0029045407999999996,0.023244443227665702,0.18888229880945018,2.144230373308628,0.01600721626678625,1.7640705317053378,0.039104680622955114,1.7504377286081096,0.040021405275519006,0.04643893231780347,625,per_security_nonnok,True,77,12,
xgboost_pooled_v5,2026-06-30T19:50:30.691620+00:00,pooled,True,walk_forward,level_change,SOFR_1Y,SOFR,1Y,1,GFC,GFC,train,075a5e5302df,80,628,0.6544585987261147,1.0,0.23603875037128974,0.002717760305441304,0.0035808913216560535,0.0351788228618923,0.24103803737209706,6.25110301478057,2.037819912814598e-10,5.724418999886306,8.049165372548876e-09,7.674342767817982,8.326672684688674e-15,4.138543707070192e-15,628,per_security_nonnok,True,77,12,
xgboost_pooled_v5,2026-06-30T19:50:30.691620+00:00,pooled,True,walk_forward,level_change,SOFR_30Y,SOFR,30Y,1,GFC,GFC,train,075a5e5302df,80,264,0.7272727272727273,1.0,0.28544538737939296,0.006762828145143438,0.00947895617537879,0.06528337705781252,0.2865429462887892,7.31308021523329,1.305622276959184e-13,7.169399689316285,3.810085161451358e-12,7.425486169249878,5.617728504603292e-14,4.472604445089731e-14,264,per_security_nonnok,True,77,12,
xgboost_pooled_v5,2026-06-30T19:50:30.691620+00:00,pooled,True,walk_forward,level_change,SOFR_3M,SOFR,3M,1,GFC,GFC,train,075a5e5302df,80,628,0.5828025477707006,1.0,0.21269458048705947,0.0014151225785175357,0.0018509502388535022,0.01848104059992592,0.2354615759988894,4.805587420254602,7.714889915799716e-07,3.7437467876916926,9.898478463470062e-05,4.518284961886306,3.1171272292240815e-06,1.9034180895619293e-05,628,per_security_nonnok,True,77,12,
xgboost_pooled_v5,2026-06-30T19:50:30.691620+00:00,pooled,True,walk_forward,level_change,SOFR_5Y,SOFR,5Y,1,GFC,GFC,train,075a5e5302df,80,627,0.7177033492822966,1.0,0.2351286033975204,0.005509072572904211,0.007203044657097291,0.057887654140182786,0.2351744525870707,9.377491038167674,0.0,9.169158699567348,3.3931543383267566e-19,11.222295769929506,0.0,1.1689546220753258e-28,627,per_security_nonnok,True,77,12,
xgboost_pooled_v5,2026-06-30T19:50:30.691620+00:00,pooled,True,walk_forward,level_change,SOFR_6M,SOFR,6M,1,GFC,GFC,train,075a5e5302df,80,628,0.6019108280254777,1.0,0.2551564839630456,0.00171873508818245,0.0023475857882165607,0.02325047215044495,0.2678712331581471,4.1103237800328385,1.9755235545759753e-05,3.4852467723368443,0.00026299326914706525,5.522822848749534,1.6679802317121073e-08,1.8410263911916237e-07,628,per_security_nonnok,True,77,12,
xgboost_pooled_v5,2026-06-30T19:50:30.691620+00:00,pooled,True,walk_forward,level_change,SONIA_10Y,SONIA,10Y,1,GFC,GFC,train,075a5e5302df,80,336,0.7142857142857143,1.0,0.31458126706007694,0.002382414186700336,0.0034889066220238113,0.03825286904484572,0.3171459013373169,7.5478279343255625,2.2093438190040615e-14,6.924992415453484,1.1176284946380377e-11,8.277673101006904,1.1102230246251565e-16,1.1365606683355565e-15,336,per_security_nonnok,True,77,12,
xgboost_pooled_v5,2026-06-30T19:50:30.691620+00:00,pooled,True,walk_forward,level_change,SONIA_15Y,SONIA,15Y,1,GFC,GFC,train,075a5e5302df,80,277,0.7075812274368231,1.0,0.32980798973265946,0.002101229214083593,0.00313530573104693,0.036199959211638454,0.3298168043784496,6.944364051715509,1.9008128404607305e-12,6.328798796302104,4.976256156349744e-10,7.341661121714963,1.0547118733938987e-13,1.819293158766602e-12,277,per_security_nonnok,True,77,12,
xgboost_pooled_v5,2026-06-30T19:50:30.691620+00:00,pooled,True,walk_forward,level_change,SONIA_1M,SONIA,1M,1,GFC,GFC,train,075a5e5302df,80,776,0.5347938144329897,1.0,0.48363002421517687,0.0008268921804611555,0.001621879510309278,0.013330050517101075,0.4901642352559996,1.569021172117681,0.05832150288635618,1.3592719294864954,0.08722791018424791,3.3639493459716188,0.00038417822036962423,0.02851211593861612,776,per_security_nonnok,True,77,12,
xgboost_pooled_v5,2026-06-30T19:50:30.691620+00:00,pooled,True,walk_forward,level_change,SONIA_1W,SONIA,1W,1,GFC,GFC,train,075a5e5302df,80,751,0.4873501997336884,1.0,0.285612018427407,0.002297794949985391,0.0032399445739014657,0.02354244601094997,0.29079189548652074,1.8935768327056808,0.029140600501661784,1.682076673500918,0.04648511782204336,2.7111998243565467,0.003352010562293839,0.7672353288653948,751,per_security_nonnok,True,77,12,
xgboost_pooled_v5,2026-06-30T19:50:30.691620+00:00,pooled,True,walk_forward,level_change,SONIA_1Y,SONIA,1Y,1,GFC,GFC,train,075a5e5302df,80,777,0.6396396396396397,1.0,0.3113130169129076,0.001989727341468336,0.0029117904601029605,0.03033777680993112,0.31666534088514753,3.51689697325877,0.0002183116101317495,3.375276029481267,0.0003870358608372111,7.768636228599431,3.9968028886505635e-15,3.1088476498955162e-15,777,per_security_nonnok,True,77,12,
xgboost_pooled_v5,2026-06-30T19:50:30.691620+00:00,pooled,True,walk_forward,level_change,SONIA_30Y,SONIA,30Y,1,GFC,GFC,train,075a5e5302df,80,332,0.6746987951807228,1.0,0.2853299812114508,0.001720808991913132,0.002408312876506025,0.031723645952842286,0.28547116585213883,6.4258846822171884,6.555234133287513e-11,5.463564717724348,4.5950033713274605e-08,6.943176529379033,1.9169110743177953e-12,9.100192525971882e-11,332,per_security_nonnok,True,77,12,
xgboost_pooled_v5,2026-06-30T19:50:30.691620+00:00,pooled,True,walk_forward,level_change,SONIA_3M,SONIA,3M,1,GFC,GFC,train,075a5e5302df,80,777,0.5868725868725869,1.0,0.5118889341886232,0.0007918926097626897,0.001642742036679537,0.014985291249741978,0.5179446364181824,1.8383197108636848,0.033007654141688825,1.6459433213928387,0.050090176074309344,5.722756282803961,5.240478384571645e-09,7.223143445226092e-07,777,per_security_nonnok,True,77,12,
xgboost_pooled_v5,2026-06-30T19:50:30.691620+00:00,pooled,True,walk_forward,level_change,SONIA_5Y,SONIA,5Y,1,GFC,GFC,train,075a5e5302df,80,336,0.6934523809523809,1.0,0.31698321279856523,0.00295098546202413,0.004370122767857145,0.041641679591027554,0.32473625598597944,6.50615581001624,3.8549163861034685e-11,6.176108261289077,9.511714446349843e-10,7.074408048865416,7.503997423441433e-13,5.125277217568299e-13,336,per_security_nonnok,True,77,12,
xgboost_pooled_v5,2026-06-30T19:50:30.691620+00:00,pooled,True,walk_forward,level_change,SONIA_6M,SONIA,6M,1,GFC,GFC,train,075a5e5302df,80,777,0.637065637065637,1.0,0.4333166670025438,0.0011857008920739,0.0021129770752895734,0.020197716221046057,0.43884819861975766,2.1107711362339026,0.017395994098503342,1.9679607755986537,0.024714115721466742,7.835313198520779,2.3314683517128287e-15,9.808301940593546e-15,777,per_security_nonnok,True,77,12,
xgboost_pooled_v5,2026-06-30T19:50:30.691620+00:00,pooled,True,walk_forward,level_change,SWE_10Y,SWE,10Y,1,GFC,GFC,train,075a5e5302df,80,778,0.6491002570694088,1.0,0.29485109917446495,0.0014372386097143445,0.0020383470951156808,0.029050501907751394,0.2948999642120431,7.158995645850333,4.063416270128073e-13,6.816394293611724,9.370151077382377e-12,9.36676188916242,0.0,3.600079675449561e-17,778,per_security_nonnok,True,77,12,
xgboost_pooled_v5,2026-06-30T19:50:30.691620+00:00,pooled,True,walk_forward,level_change,SWE_15Y,SWE,15Y,1,GFC,GFC,train,075a5e5302df,80,773,0.6532988357050453,1.0,0.29557070341905234,0.0016302928193308325,0.002314361021992236,0.029914717370536036,0.2955754077090996,6.829206342430345,4.269251618893577e-12,6.579652345447323,4.3486358310669264e-11,9.375669543892526,0.0,5.860828831245956e-18,773,per_security_nonnok,True,77,12,
xgboost_pooled_v5,2026-06-30T19:50:30.691620+00:00,pooled,True,walk_forward,level_change,SWE_1Y,SWE,1Y,1,GFC,GFC,train,075a5e5302df,80,778,0.6195372750642674,1.0,0.22758893431076443,0.001750189383958931,0.0022715898553984587,0.02449944356915684,0.22953107938935968,3.7388286753972917,9.243983217044338e-05,3.023508120920968,0.0012904041582820593,7.035966094295246,9.894307595459395e-13,1.334594001323809e-11,778,per_security_nonnok,True,77,12,
xgboost_pooled_v5,2026-06-30T19:50:30.691620+00:00,pooled,True,walk_forward,level_change,SWE_30Y,SWE,30Y,1,GFC,GFC,train,075a5e5302df,80,763,0.6395806028833552,1.0,0.2970703916019274,0.0017366049745738744,0.002470576487549147,0.030947955056421967,0.29708512028436906,6.441142843285019,5.928857405024246e-11,6.155793883880281,6.036504427233663e-10,9.221355030184256,0.0,5.5988838490292775e-15,763,per_security_nonnok,True,77,12,
xgboost_pooled_v5,2026-06-30T19:50:30.691620+00:00,pooled,True,walk_forward,level_change,SWE_5Y,SWE,5Y,1,GFC,GFC,train,075a5e5302df,80,778,0.6658097686375322,1.0,0.2750904054916714,0.0015602948345851898,0.0021541558515424174,0.029417597457081116,0.27568154668661116,7.416304173893907,6.017408793468348e-14,6.9507144945205415,3.851378418750581e-12,9.708097444584435,0.0,7.013052183579453e-21,778,per_security_nonnok,True,77,12,
xgboost_pooled_v5,2026-06-30T19:50:30.691620+00:00,pooled,True,walk_forward,level_change,SWZ_1Y,SWZ,1Y,1,GFC,GFC,train,075a5e5302df,80,59,0.6440677966101694,1.0,0.20427385258469366,0.00010213137101381645,0.00012926694915254237,0.008035504094928788,0.20991891830528464,3.1458607669803444,0.0008279940976552158,1.761923776001125,0.041675884461632236,2.86834196295201,0.0020631464179038383,0.018171589978526942,59,per_security_nonnok,True,77,12,
xgboost_pooled_v5,2026-06-30T19:50:30.691620+00:00,pooled,True,walk_forward,level_change,SWZ_3M,SWZ,3M,1,GFC,GFC,train,075a5e5302df,80,59,0.423728813559322,1.0,-1.8008923106877304,4.104864180466689e-05,1.4724576271186462e-05,0.005170349909969108,-1.7877638750795315,-1.2988759414792375,0.9030067463187548,-5.049615044536079,0.9999976533794961,-0.6732581027700297,0.7496084487863179,0.9037367711192686,59,per_security_nonnok,True,77,12,
xgboost_pooled_v5,2026-06-30T19:50:30.691620+00:00,pooled,True,walk_forward,level_change,SWZ_6M,SWZ,6M,1,GFC,GFC,train,075a5e5302df,80,59,0.4745762711864407,1.0,-0.22497372981360875,9.117608619339047e-05,7.536440677966104e-05,0.007404128903458222,-0.20980301032498283,0.47366434016269127,0.3178696431567707,-1.446060342711083,0.9232286507451929,0.726458738551165,0.23377879675214075,0.6985383993714248,59,per_security_nonnok,True,77,12,
xgboost_pooled_v5,2026-06-30T19:50:30.691620+00:00,pooled,True,walk_forward,level_change,TURK_10Y,TURK,10Y,1,GFC,GFC,train,075a5e5302df,80,143,0.6153846153846154,1.0,0.528660874695432,0.013163105661838365,0.027954545454545465,0.08193582046050031,0.5291246755114734,1.492984151744921,0.06772066771835072,1.5478857078096946,0.06193782017399182,5.851193160174349,2.4402950771218457e-09,0.0036183342919220963,143,per_security_nonnok,True,77,12,
xgboost_pooled_v5,2026-06-30T19:50:30.691620+00:00,pooled,True,walk_forward,level_change,TURK_1M,TURK,1M,1,GFC,GFC,train,075a5e5302df,80,294,0.023809523809523808,1.0,0.07526907863428811,0.0008768446748476696,0.0009523809523809457,0.010597159025627996,0.07931309140994036,2.1614496882527945,0.015330309691115485,0.8337897635557789,0.20253933919130446,2.2438569749213007,0.012420802593325564,1.0,294,per_security_nonnok,True,77,12,
xgboost_pooled_v5,2026-06-30T19:50:30.691620+00:00,pooled,True,walk_forward,level_change,TURK_1Y,TURK,1Y,1,GFC,GFC,train,075a5e5302df,80,383,0.2558746736292428,1.0,0.9796023905313623,0.0522330299377444,2.569213446475195,0.07138706891510699,0.9796696416915438,4.372815541926663,6.132717615070504e-06,4.398551167803067,7.075511645017194e-06,8.549423178693033,0.0,1.0,383,per_security_nonnok,True,77,12,
xgboost_pooled_v5,2026-06-30T19:50:30.691620+00:00,pooled,True,walk_forward,level_change,TURK_3M,TURK,3M,1,GFC,GFC,train,075a5e5302df,80,294,0.02040816326530612,1.0,0.05327307404034243,0.0007710858390897239,0.0008163265306122391,0.010023969425430511,0.05541984711508141,1.889648945123032,0.02940246325204443,0.5390592401488057,0.2951276656797876,2.0171793655200276,0.021838399309895284,1.0,294,per_security_nonnok,True,77,12,
xgboost_pooled_v5,2026-06-30T19:50:30.691620+00:00,pooled,True,walk_forward,level_change,TURK_5Y,TURK,5Y,1,GFC,GFC,train,075a5e5302df,80,143,0.6153846153846154,1.0,0.5322843043836987,0.01247135117569293,0.026713286713286745,0.08040106211020859,0.5331405188156841,1.5138297029909926,0.06503451851589293,1.5816848001523949,0.05797318258560624,5.271894248814424,6.75114372183927e-08,0.0036183342919220963,143,per_security_nonnok,True,77,12,
xgboost_pooled_v5,2026-06-30T19:50:30.691620+00:00,pooled,True,walk_forward,level_change,TURK_6M,TURK,6M,1,GFC,GFC,train,075a5e5302df,80,294,0.02040816326530612,1.0,0.05327307404034243,0.0007710858390897239,0.0008163265306122391,0.010023969425430511,0.05541984711508141,1.889648945123032,0.02940246325204443,0.5390592401488057,0.2951276656797876,2.0171793655200276,0.021838399309895284,1.0,294,per_security_nonnok,True,77,12,
xgboost_pooled_v5,2026-06-30T19:50:30.691620+00:00,pooled,True,walk_forward,level_change,__POOL__,__ALL__,__ALL__,1,GFC,GFC,oos,075a5e5302df,80,49731,0.43644809072811724,1.0,-0.3677964952520001,0.14030113771630398,0.10257458264780091,0.05774500435582819,-0.3677963301887428,6.262973010519877,1.8885304431393024e-10,-3.4553739533049637,0.9997250058221503,1.3106048303132334,0.09499565323197046,1.0,49731,aggregate,True,84,12,
xgboost_pooled_v5,2026-06-30T19:50:30.691620+00:00,pooled,True,walk_forward,level_change,__POOL_NOR__,NOR,__ALL__,1,GFC,GFC,oos,075a5e5302df,80,2682,0.45302013422818793,1.0,-0.10618652961732189,0.001703963455689828,0.0015404068689410882,0.031114325838790712,-0.1061775236442386,0.06755326704396958,0.4730706289318105,-7.1279080464969695,0.9999999999993477,-2.0955200754729812,0.981937607121496,0.9999994926884218,2682,aggregate_nor,True,5,12,
xgboost_pooled_v5,2026-06-30T19:50:30.691620+00:00,pooled,True,walk_forward,level_change,NOR_10Y,NOR,10Y,1,GFC,GFC,oos,075a5e5302df,80,520,0.4596153846153846,1.0,-0.099275615885968,0.0019038257147002188,0.0017319007163461527,0.03388246482093545,-0.0992695463033133,-0.5239074433325437,0.6998285412610679,-3.4984754880861244,0.9997459385798283,-0.7373422552538242,0.7695428790724509,0.9703827220551197,520,per_security,True,84,12,
xgboost_pooled_v5,2026-06-30T19:50:30.691620+00:00,pooled,True,walk_forward,level_change,NOR_15Y,NOR,15Y,1,GFC,GFC,oos,075a5e5302df,80,536,0.45149253731343286,1.0,-0.08898924437580225,0.0018410981217631055,0.001690951492537315,0.032599506554091835,-0.08879416700504628,0.10136498975486898,0.45963036370909427,-2.986142079864914,0.9985227034191934,-1.1122616985931664,0.8669871765939394,0.9890115084569875,536,per_security,True,84,12,
xgboost_pooled_v5,2026-06-30T19:50:30.691620+00:00,pooled,True,walk_forward,level_change,NOR_1Y,NOR,1Y,1,GFC,GFC,oos,075a5e5302df,80,463,0.4470842332613391,1.0,-0.17885162019006162,0.0010149415767807001,0.0008631923434125272,0.021517521303848663,-0.1758000224703693,-1.386826265641492,0.9172526270573435,-3.4634958046586384,0.9997085690562714,-1.7543536799643615,0.9603150384900941,0.9899785589639369,463,per_security,True,84,12,
xgboost_pooled_v5,2026-06-30T19:50:30.691620+00:00,pooled,True,walk_forward,level_change,NOR_30Y,NOR,30Y,1,GFC,GFC,oos,075a5e5302df,80,559,0.46511627906976744,1.0,-0.062460716766955304,0.001986793907172316,0.0018707848837209269,0.03478998148518468,-0.06201088348578665,1.0839988826357405,0.1391826471308948,-2.2255890788581505,0.9867797410085051,0.045253489026521126,0.4819526299046065,0.9547046337120655,559,per_security,True,84,12,
xgboost_pooled_v5,2026-06-30T19:50:30.691620+00:00,pooled,True,walk_forward,level_change,NOR_5Y,NOR,5Y,1,GFC,GFC,oos,075a5e5302df,80,604,0.4420529801324503,1.0,-0.15233548363996974,0.0016766163561128995,0.001455308021523178,0.031367868652080876,-0.15206975521105992,0.032269847832816216,0.48712842730998684,-3.942684776791324,0.999954985519863,-1.1675990073794864,0.8785157246069188,0.9980853485115213,604,per_security,True,84,12,
xgboost_pooled_v5,2026-06-30T19:50:30.691620+00:00,pooled,True,walk_forward,level_change,AUS_10Y,AUS,10Y,1,GFC,GFC,oos,075a5e5302df,80,673,0.4398216939078752,1.0,-0.14751587587877246,0.003683542573327361,0.0032222235298662695,0.047626446654919774,-0.14316792090467967,-0.3303168068177868,0.6294197025123975,-3.964534654516988,0.9999592895336473,-2.194168366963104,0.9858883461095677,0.9992229993847109,673,per_security_nonnok,True,84,12,
xgboost_pooled_v5,2026-06-30T19:50:30.691620+00:00,pooled,True,walk_forward,level_change,AUS_15Y,AUS,15Y,1,GFC,GFC,oos,075a5e5302df,80,688,0.46511627906976744,1.0,-0.14327947419683174,0.0039013810011071315,0.003419219363226743,0.04877881179108294,-0.14101512265225624,-0.5019228663883919,0.6921391101118423,-4.105424441833265,0.9999773940165564,-1.0786647975370354,0.8596314080496087,0.9691657388446402,688,per_security_nonnok,True,84,12,
xgboost_pooled_v5,2026-06-30T19:50:30.691620+00:00,pooled,True,walk_forward,level_change,AUS_1Y,AUS,1Y,1,GFC,GFC,oos,075a5e5302df,80,701,0.4921540656205421,1.0,-0.14244692341692633,0.002847713996573826,0.0025005286208273896,0.03780647828262124,-0.1388447917990867,-0.21454700716149772,0.5849397430764016,-3.9168927463518557,0.9999507573148966,0.20700720418569477,0.4180021161174624,0.6747943293654184,701,per_security_nonnok,True,84,12,
xgboost_pooled_v5,2026-06-30T19:50:30.691620+00:00,pooled,True,walk_forward,level_change,AUS_30Y,AUS,30Y,1,GFC,GFC,oos,075a5e5302df,80,671,0.46348733233979134,1.0,-0.1482659131088102,0.004133187492797707,0.0036024489663189275,0.050606498240858146,-0.14732714646089806,-0.25020681931049776,0.5987862940482691,-3.874997702990816,0.9999414481385631,-1.3104049746442943,0.9049705641851923,0.9732512370154982,671,per_security_nonnok,True,84,12,
xgboost_pooled_v5,2026-06-30T19:50:30.691620+00:00,pooled,True,walk_forward,level_change,AUS_5Y,AUS,5Y,1,GFC,GFC,oos,075a5e5302df,80,690,0.4579710144927536,1.0,-0.11954308872447594,0.004669814254244669,0.0041832521820289875,0.05142091468274297,-0.1163119149990346,-0.793929709156403,0.7863818234835952,-3.864275793972067,0.9999390289796459,-1.4588266582614198,0.9276935883256651,0.987686102475518,690,per_security_nonnok,True,84,12,
xgboost_pooled_v5,2026-06-30T19:50:30.691620+00:00,pooled,True,walk_forward,level_change,BRAZ_1M,BRAZ,1M,1,GFC,GFC,oos,075a5e5302df,80,586,0.5699658703071673,1.0,-0.9007623911889326,0.002042564744746323,0.0010825329692832734,0.027472870929710274,-0.8868383713972889,-2.380541559902681,0.9913563945544996,-6.937827566769627,0.9999999999947055,3.4360283418247395,0.0002951546077437639,0.0004026532498227437,586,per_security_nonnok,True,84,12,
xgboost_pooled_v5,2026-06-30T19:50:30.691620+00:00,pooled,True,walk_forward,level_change,BRAZ_1Y,BRAZ,1Y,1,GFC,GFC,oos,075a5e5302df,80,593,0.4772344013490725,1.0,-0.1323535824351476,0.005820727139854807,0.005159251416526142,0.05040100067663851,-0.12821156984321846,-0.3781674355232141,0.6473468925111123,-3.665225657600962,0.9998653382235528,-0.5856379834245079,0.7209405911861722,0.8749020999695499,593,per_security_nonnok,True,84,12,
xgboost_pooled_v5,2026-06-30T19:50:30.691620+00:00,pooled,True,walk_forward,level_change,BRAZ_3M,BRAZ,3M,1,GFC,GFC,oos,075a5e5302df,80,590,0.5322033898305085,1.0,-0.4459397183188787,0.002351960379147972,0.0016344573220338997,0.0299718248307849,-0.4389854953332275,-0.7272806481106868,0.7664729747760404,-6.2270472496175735,0.999999999547928,1.897252511258143,0.028897309668587057,0.06381058685412523,590,per_security_nonnok,True,84,12,
xgboost_pooled_v5,2026-06-30T19:50:30.691620+00:00,pooled,True,walk_forward,level_change,BRAZ_6M,BRAZ,6M,1,GFC,GFC,oos,075a5e5302df,80,593,0.4924114671163575,1.0,-0.20161195590839198,0.0034720578549186625,0.0028949897470489047,0.03709395624905241,-0.19933338570819115,-0.15461937081840993,0.5614393010260319,-4.494233222119122,0.9999957997717747,-0.21021711246549568,0.5832508879264939,0.6593180447145335,593,per_security_nonnok,True,84,12,
xgboost_pooled_v5,2026-06-30T19:50:30.691620+00:00,pooled,True,walk_forward,level_change,CAN_10Y,CAN,10Y,1,GFC,GFC,oos,075a5e5302df,80,162,0.5246913580246914,1.0,-0.011994893446859445,0.0018800400898795159,0.0018641087654320998,0.032354402181514155,-0.008546349195307279,0.7142393518219584,0.2375395936163034,-0.4318043801779805,0.666769348264125,1.2075108399049617,0.11361773650684326,0.29123786505666655,162,per_security_nonnok,True,84,12,
xgboost_pooled_v5,2026-06-30T19:50:30.691620+00:00,pooled,True,walk_forward,level_change,CAN_1M,CAN,1M,1,GFC,GFC,oos,075a5e5302df,80,576,0.3819444444444444,1.0,-0.3561349725334413,8.344267512831311e-05,6.295203489583331e-05,0.005908950506104079,-0.32549607437449235,0.4736212970802615,0.31788499283080107,-3.7577685404298897,0.9999055361613964,0.19957667378477484,0.42090583618746624,0.9999999951234253,576,per_security_nonnok,True,84,12,
xgboost_pooled_v5,2026-06-30T19:50:30.691620+00:00,pooled,True,walk_forward,level_change,CAN_1W,CAN,1W,1,GFC,GFC,oos,075a5e5302df,80,609,0.21510673234811165,1.0,-0.13542954293717058,9.915192978843041e-05,8.818543924466333e-05,0.00548323481850578,-0.12435715734591346,1.037826622360249,0.14967539005992236,-0.7907561161406701,0.7853026717413927,-1.1366877771734818,0.872165584618976,1.0,609,per_security_nonnok,True,84,12,
xgboost_pooled_v5,2026-06-30T19:50:30.691620+00:00,pooled,True,walk_forward,level_change,CAN_1Y,CAN,1Y,1,GFC,GFC,oos,075a5e5302df,80,617,0.48946515397082657,1.0,-0.01848153744137626,0.0011294754234912106,0.001110171478930308,0.023821138387968437,-0.01738825481222306,0.7835544187568664,0.21665080523161873,-0.995926891502633,0.8401616418659893,-0.3467812415336903,0.635622164626435,0.7134754574280464,617,per_security_nonnok,True,84,12,
xgboost_pooled_v5,2026-06-30T19:50:30.691620+00:00,pooled,True,walk_forward,level_change,CAN_3M,CAN,3M,1,GFC,GFC,oos,075a5e5302df,80,613,0.43230016313213704,1.0,-0.15927195603990718,0.0001390688347062386,0.00012079722006525286,0.007328076362337392,-0.1512585689564352,0.8331897416424754,0.2023688635883889,-2.9154314553737106,0.9981590294740073,-1.293645859842466,0.9021061129605853,0.999660112088733,613,per_security_nonnok,True,84,12,
xgboost_pooled_v5,2026-06-30T19:50:30.691620+00:00,pooled,True,walk_forward,level_change,CAN_5Y,CAN,5Y,1,GFC,GFC,oos,075a5e5302df,80,608,0.47039473684210525,1.0,-0.01260003136695298,0.0031581315698543428,0.0031188540296052635,0.04382899993052849,-0.012593580807643834,-0.39859883964920667,0.6549055916319491,-1.4519734072618498,0.9264871681752106,-1.1481923980615234,0.8745554265923821,0.9332970649597274,608,per_security_nonnok,True,84,12,
xgboost_pooled_v5,2026-06-30T19:50:30.691620+00:00,pooled,True,walk_forward,level_change,CAN_6M,CAN,6M,1,GFC,GFC,oos,075a5e5302df,80,620,0.4790322580645161,1.0,-0.032574570416785464,0.00039393631408641405,0.00038232887500000006,0.012746527248125077,-0.03035982852829,1.304457546706386,0.09603881261242742,-1.1517403388674405,0.8750637822889384,0.00548017531111602,0.4978137373074799,0.860899927834755,620,per_security_nonnok,True,84,12,
xgboost_pooled_v5,2026-06-30T19:50:30.691620+00:00,pooled,True,walk_forward,level_change,CHIN_10Y,CHIN,10Y,1,GFC,GFC,oos,075a5e5302df,80,610,0.43278688524590164,1.0,-0.2702402068147487,0.005080863621965018,0.003999959016393443,0.049399035052237486,-0.27022892013182953,-0.7019294038443736,0.758638404687386,-4.750795806802954,0.9999987351087221,-0.24213307388868885,0.595661474348823,0.9996177378946884,610,per_security_nonnok,True,84,12,
xgboost_pooled_v5,2026-06-30T19:50:30.691620+00:00,pooled,True,walk_forward,level_change,CHIN_1M,CHIN,1M,1,GFC,GFC,oos,075a5e5302df,80,451,0.21951219512195122,1.0,-0.1127444403217881,0.052688850524573054,0.04740487804878049,0.1123098089247622,-0.11146474146300434,-0.2337091174093,0.5923945954561103,-2.6947760271783157,0.9963463981607302,-2.8732092494593844,0.9979683755343353,1.0,451,per_security_nonnok,True,84,12,
xgboost_pooled_v5,2026-06-30T19:50:30.691620+00:00,pooled,True,walk_forward,level_change,CHIN_1Y,CHIN,1Y,1,GFC,GFC,oos,075a5e5302df,80,603,0.4427860696517413,1.0,-0.10793001906012378,0.00320813745504959,0.0029006297678275295,0.03791127695491051,-0.10601411136050398,1.3410360635614933,0.08995437198004896,-2.92302969409946,0.9982016785587006,0.5022255354943526,0.30775444127516904,0.9978375724049929,603,per_security_nonnok,True,84,12,
xgboost_pooled_v5,2026-06-30T19:50:30.691620+00:00,pooled,True,walk_forward,level_change,CHIN_3M,CHIN,3M,1,GFC,GFC,oos,075a5e5302df,80,603,0.3996683250414594,1.0,-0.01195126321653861,0.01587875808704755,0.015799778225538973,0.05200301892335175,-0.004998795576820925,1.6896771189968887,0.045544871511545404,-0.3455492479551118,0.6350988971303437,0.1115849739538577,0.4555762433281766,0.9999996897588481,603,per_security_nonnok,True,84,12,
xgboost_pooled_v5,2026-06-30T19:50:30.691620+00:00,pooled,True,walk_forward,level_change,CHIN_5Y,CHIN,5Y,1,GFC,GFC,oos,075a5e5302df,80,622,0.4228295819935691,1.0,-0.21250842461791675,0.0033677288767333564,0.0027775924437299037,0.040315728569387026,-0.21246329148670395,-0.22613456686810324,0.5894516198189308,-5.196360454326851,0.9999998619745687,-0.5161491426350336,0.6971248762819746,0.9999512584074435,622,per_security_nonnok,True,84,12,
xgboost_pooled_v5,2026-06-30T19:50:30.691620+00:00,pooled,True,walk_forward,level_change,CHIN_6M,CHIN,6M,1,GFC,GFC,oos,075a5e5302df,80,611,0.4369885433715221,1.0,-0.10446377404875329,0.004286319913452737,0.0038897299509001618,0.04469388475477416,-0.10195822526466047,2.122334627452616,0.016904823799717028,-2.633605685204898,0.99566869875466,0.16684191341083626,0.43374721936708993,0.9992095822730824,611,per_security_nonnok,True,84,12,
xgboost_pooled_v5,2026-06-30T19:50:30.691620+00:00,pooled,True,walk_forward,level_change,EUR_10Y,EUR,10Y,1,GFC,GFC,oos,075a5e5302df,80,619,0.5008077544426495,1.0,-0.11235167230018406,0.0024303889512262734,0.002185620541518578,0.038619352107224426,-0.11199035013535763,0.6168229596314594,0.26867575313609904,-3.807242218788135,0.9999227333202227,1.061178358894227,0.14430442619125217,0.4999999999999997,619,per_security_nonnok,True,84,12,
xgboost_pooled_v5,2026-06-30T19:50:30.691620+00:00,pooled,True,walk_forward,level_change,EUR_15Y,EUR,15Y,1,GFC,GFC,oos,075a5e5302df,80,618,0.49029126213592233,1.0,-0.07841904469807459,0.0025285513970454733,0.0023449339898058263,0.03931566775709171,-0.07830387040227582,1.065932314409156,0.14322712003574423,-2.396650134663909,0.9915788480944445,0.30219235592092397,0.38125271555161655,0.69947296016311,618,per_security_nonnok,True,84,12,
xgboost_pooled_v5,2026-06-30T19:50:30.691620+00:00,pooled,True,walk_forward,level_change,EUR_1Y,EUR,1Y,1,GFC,GFC,oos,075a5e5302df,80,620,0.45483870967741935,1.0,-0.3787088100556524,0.0005895565774510737,0.00042867308467741956,0.01880205412702738,-0.37530579484532,-2.9942977486581928,0.9986246131988853,-8.567206984304681,1.0,-1.6652925863191586,0.9520728015505573,0.9890033437276744,620,per_security_nonnok,True,84,12,
xgboost_pooled_v5,2026-06-30T19:50:30.691620+00:00,pooled,True,walk_forward,level_change,EUR_30Y,EUR,30Y,1,GFC,GFC,oos,075a5e5302df,80,618,0.49514563106796117,1.0,-0.08227305862114775,0.002888094935508938,0.0026686102854368943,0.04026367905040493,-0.0822467976196497,-0.05227320020712128,0.520844496375007,-2.3205437156902264,0.9896816792217475,0.6590422248383178,0.2549343271582166,0.6108542693773364,618,per_security_nonnok,True,84,12,
xgboost_pooled_v5,2026-06-30T19:50:30.691620+00:00,pooled,True,walk_forward,level_change,EUR_5Y,EUR,5Y,1,GFC,GFC,oos,075a5e5302df,80,620,0.4806451612903226,1.0,-0.17648913828473223,0.0023076334021115735,0.0019628967677419356,0.037721676362468946,-0.17562647207688564,-1.0679313581165772,0.8572242619324209,-4.777204954015135,0.9999988890923884,-0.2180796055721821,0.5863164563074521,0.8423167102544074,620,per_security_nonnok,True,84,12,
xgboost_pooled_v5,2026-06-30T19:50:30.691620+00:00,pooled,True,walk_forward,level_change,JPY_10Y,JPY,10Y,1,GFC,GFC,oos,075a5e5302df,80,610,0.47704918032786886,1.0,-0.022377724759460982,0.00042671052116421406,0.00041827634412131156,0.015362575061328074,-0.02016412632806297,1.6739377650630267,0.04707141557718275,-1.0367685603125307,0.8498723948803305,-0.592614132671672,0.7232802906045073,0.8798497733943262,610,per_security_nonnok,True,84,12,
xgboost_pooled_v5,2026-06-30T19:50:30.691620+00:00,pooled,True,walk_forward,level_change,JPY_15Y,JPY,15Y,1,GFC,GFC,oos,075a5e5302df,80,610,0.46557377049180326,1.0,-0.028488048456264847,0.0005271242232633232,0.0005134409059803279,0.017403230605862484,-0.026650228144306842,1.1655094291997374,0.12190642284158992,-1.305437998614353,0.9038816475057697,-0.45441327231550666,0.6752342993185243,0.9592022461800142,610,per_security_nonnok,True,84,12,
xgboost_pooled_v5,2026-06-30T19:50:30.691620+00:00,pooled,True,walk_forward,level_change,JPY_1M,JPY,1M,1,GFC,GFC,oos,075a5e5302df,80,626,0.26996805111821087,1.0,-2.638830102448798,2.5630308353154002e-05,7.043601127795526e-06,0.004002072359125284,-2.6388074634168928,1.2675268394157728,0.1024834864981724,-13.23755827079368,1.0,3.720860181524855,9.92726734651006e-05,1.0,626,per_security_nonnok,True,84,12,
xgboost_pooled_v5,2026-06-30T19:50:30.691620+00:00,pooled,True,walk_forward,level_change,JPY_1W,JPY,1W,1,GFC,GFC,oos,075a5e5302df,80,597,0.23115577889447236,1.0,-1.3927213373502894,2.8314832818270103e-05,1.1833736180904521e-05,0.0038377527890631337,-1.392721316870344,1.2636185725916345,0.10318348206355576,-10.092654353879505,1.0,-0.26228212812160845,0.6034480302240771,1.0,597,per_security_nonnok,True,84,12,
xgboost_pooled_v5,2026-06-30T19:50:30.691620+00:00,pooled,True,walk_forward,level_change,JPY_1Y,JPY,1Y,1,GFC,GFC,oos,075a5e5302df,80,618,0.3300970873786408,1.0,-2.447012969188823,2.4928703978903833e-05,7.23198044012945e-06,0.003976814900579644,-2.4470093199612717,1.9997531216807614,0.02276346443834254,-13.234126366632815,1.0,1.8796974514420566,0.030074661562964344,1.0,618,per_security_nonnok,True,84,12,
xgboost_pooled_v5,2026-06-30T19:50:30.691620+00:00,pooled,True,walk_forward,level_change,JPY_30Y,JPY,30Y,1,GFC,GFC,oos,075a5e5302df,80,609,0.4942528735632184,1.0,-0.016010262490095073,0.0006760721920447149,0.0006657000399326767,0.01929960461639618,-0.015580819422944758,1.2633818185206032,0.10322599749162742,-0.7677041198820539,0.7785194876461412,1.1922757491038507,0.11657657009576461,0.6270826742995921,609,per_security_nonnok,True,84,12,
xgboost_pooled_v5,2026-06-30T19:50:30.691620+00:00,pooled,True,walk_forward,level_change,JPY_3M,JPY,3M,1,GFC,GFC,oos,075a5e5302df,80,626,0.2507987220447284,1.0,-5.26913729053781,2.2371285476837915e-05,3.5697024361022363e-06,0.00378128920835749,-5.2669888813660215,1.7769190016277572,0.03779078376949618,-15.433946225560318,1.0,2.304273056786651,0.010603660209995924,1.0,626,per_security_nonnok,True,84,12,
xgboost_pooled_v5,2026-06-30T19:50:30.691620+00:00,pooled,True,walk_forward,level_change,JPY_5Y,JPY,5Y,1,GFC,GFC,oos,075a5e5302df,80,591,0.45516074450084604,1.0,-0.09181309168895946,0.00021167037668108006,0.00019402967548900164,0.01041312572033294,-0.0909175421111208,0.5896711933102095,0.27770555578581724,-3.012430666146414,0.9986486520566067,-1.0481610666224765,0.8527177975303719,0.9868751862779508,591,per_security_nonnok,True,84,12,
xgboost_pooled_v5,2026-06-30T19:50:30.691620+00:00,pooled,True,walk_forward,level_change,JPY_6M,JPY,6M,1,GFC,GFC,oos,075a5e5302df,80,621,0.3494363929146538,1.0,-3.82436264978206,2.3026609802551455e-05,4.778049193236715e-06,0.003813411706174983,-3.81924921056598,2.355144402105387,0.009257754479141789,-14.27583318863429,1.0,2.973271036891603,0.0014732207157044375,0.9999999999999855,621,per_security_nonnok,True,84,12,
xgboost_pooled_v5,2026-06-30T19:50:30.691620+00:00,pooled,True,walk_forward,level_change,NEWZ_10Y,NEWZ,10Y,1,GFC,GFC,oos,075a5e5302df,80,717,0.5034867503486751,1.0,-0.19667409896015053,0.002288302232962125,0.001921215891492329,0.03572423085211151,-0.19106980277196084,0.6376484253626031,0.2618512826721443,-4.967157657073819,0.9999995748048697,1.9750117809702872,0.024133405543658615,0.4406325266250074,717,per_security_nonnok,True,84,12,
xgboost_pooled_v5,2026-06-30T19:50:30.691620+00:00,pooled,True,walk_forward,level_change,NEWZ_15Y,NEWZ,15Y,1,GFC,GFC,oos,075a5e5302df,80,558,0.471326164874552,1.0,-0.23378330118056279,0.002642358937942186,0.00215973432795699,0.03881707512929813,-0.22346480478538155,-1.0163609098121915,0.8452712234241027,-4.812797813322709,0.9999990402905885,0.8177420731638596,0.20675224045377472,0.9188232426031332,558,per_security_nonnok,True,84,12,
xgboost_pooled_v5,2026-06-30T19:50:30.691620+00:00,pooled,True,walk_forward,level_change,NEWZ_1Y,NEWZ,1Y,1,GFC,GFC,oos,075a5e5302df,80,735,0.49523809523809526,1.0,-0.07085375163321328,0.0011992134058270982,0.0011212409059863948,0.022481775870008516,-0.06954125507230602,-0.9541514010896562,0.8299964946649137,-2.4098771031596247,0.9918985332039552,0.9951366444170322,0.1598349051674861,0.6160236232127877,735,per_security_nonnok,True,84,12,
xgboost_pooled_v5,2026-06-30T19:50:30.691620+00:00,pooled,True,walk_forward,level_change,NEWZ_5Y,NEWZ,5Y,1,GFC,GFC,oos,075a5e5302df,80,731,0.4746922024623803,1.0,-0.16585957366604642,0.0020457536863585785,0.0017621978487004101,0.03367658952054426,-0.16091033016938794,-0.765083951846296,0.7778892222983929,-4.632430254944903,0.9999978604737062,0.7397273384176337,0.22973272811196066,0.9200840197270453,731,per_security_nonnok,True,84,12,
xgboost_pooled_v5,2026-06-30T19:50:30.691620+00:00,pooled,True,walk_forward,level_change,POL_10Y,POL,10Y,1,GFC,GFC,oos,075a5e5302df,80,626,0.4440894568690096,1.0,-0.14117917657072887,0.0023036150248261817,0.0020274248881789136,0.03459461182823507,-0.13622706234771997,-0.24715408187594962,0.5976055098094775,-4.066293507580914,0.9999730646427585,-0.46574756046407034,0.6793018976434106,0.9977471999912514,626,per_security_nonnok,True,84,12,
xgboost_pooled_v5,2026-06-30T19:50:30.691620+00:00,pooled,True,walk_forward,level_change,POL_15Y,POL,15Y,1,GFC,GFC,oos,075a5e5302df,80,617,0.4473257698541329,1.0,-0.12782531318754953,0.002348548223936143,0.002087903095623987,0.03539800419978411,-0.12483583594393788,-2.014906213265751,0.9780427615674858,-4.544264388228417,0.9999966818589059,-0.46621483464311897,0.6794691340490447,0.9960841810940163,617,per_security_nonnok,True,84,12,
xgboost_pooled_v5,2026-06-30T19:50:30.691620+00:00,pooled,True,walk_forward,level_change,POL_1Y,POL,1Y,1,GFC,GFC,oos,075a5e5302df,80,534,0.4250936329588015,1.0,-1.0560127898451386,0.0014028934273689693,0.0006834655243445699,0.02501152757696754,-1.0526176923324946,-2.7931608487462674,0.9973902134704019,-6.20805691546195,0.9999999994602303,-1.326758375858721,0.9077056882080567,0.999777155472172,534,per_security_nonnok,True,84,12,
xgboost_pooled_v5,2026-06-30T19:50:30.691620+00:00,pooled,True,walk_forward,level_change,POL_5Y,POL,5Y,1,GFC,GFC,oos,075a5e5302df,80,626,0.4696485623003195,1.0,-0.36582196492998453,0.0023861892581283554,0.0017577667412140563,0.03531287155119639,-0.3575118940299551,-1.2870300663258472,0.900958095626061,-5.98385660839777,0.999999998164389,0.820602479593956,0.2059363674195065,0.9405077508887905,626,per_security_nonnok,True,84,12,
xgboost_pooled_v5,2026-06-30T19:50:30.691620+00:00,pooled,True,walk_forward,level_change,SOFR_10Y,SOFR,10Y,1,GFC,GFC,oos,075a5e5302df,80,609,0.5139573070607554,1.0,-0.10519390082718716,0.004314046983015924,0.0039037244211822656,0.05239235629943172,-0.10511053485414568,0.6419614295139361,0.2604491134013063,-3.162780093274676,0.9991797063726896,0.9404250647021205,0.17349978522407827,0.25839511730094905,609,per_security_nonnok,True,84,12,
xgboost_pooled_v5,2026-06-30T19:50:30.691620+00:00,pooled,True,walk_forward,level_change,SOFR_1M,SOFR,1M,1,GFC,GFC,oos,075a5e5302df,80,623,0.45425361155698235,1.0,-7.3144559764224635,0.00016238336565436502,1.9537716693418953e-05,0.0083181536925407,-7.31127650187813,-1.0276539812094738,0.8479436889944154,-8.679445346361016,1.0,0.001805605948077482,0.49927966783697364,0.9899664885862347,623,per_security_nonnok,True,84,12,
xgboost_pooled_v5,2026-06-30T19:50:30.691620+00:00,pooled,True,walk_forward,level_change,SOFR_1W,SOFR,1W,1,GFC,GFC,oos,075a5e5302df,80,609,0.45977011494252873,1.0,-3.134796828037077,0.0002588715877647788,6.262360837438425e-05,0.010868974437379955,-3.133769906983967,-0.12793071925732236,0.5508980998342577,-9.418187556910755,1.0,-0.07100627780165003,0.5283036204292273,0.9786669928141326,609,per_security_nonnok,True,84,12,
xgboost_pooled_v5,2026-06-30T19:50:30.691620+00:00,pooled,True,walk_forward,level_change,SOFR_1Y,SOFR,1Y,1,GFC,GFC,oos,075a5e5302df,80,625,0.4672,1.0,-1.304388874621051,0.00025271768223171943,0.00010983120000000001,0.011434895253511402,-1.3009644093091888,-1.5840238055371345,0.9434058490537534,-8.871901042254546,1.0,-0.37680431016830784,0.646840481301928,0.9535610676821965,625,per_security_nonnok,True,84,12,
xgboost_pooled_v5,2026-06-30T19:50:30.691620+00:00,pooled,True,walk_forward,level_change,SOFR_30Y,SOFR,30Y,1,GFC,GFC,oos,075a5e5302df,80,606,0.5247524752475248,1.0,-0.08485934963054609,0.004309141920477089,0.003972806406270625,0.051413849272725506,-0.08465942706787732,0.8905675900879912,0.18658059641582603,-2.5443097900298706,0.9944015907422493,1.6117570614175398,0.05350740763996065,0.1193769739701069,606,per_security_nonnok,True,84,12,
xgboost_pooled_v5,2026-06-30T19:50:30.691620+00:00,pooled,True,walk_forward,level_change,SOFR_3M,SOFR,3M,1,GFC,GFC,oos,075a5e5302df,80,625,0.4512,1.0,-6.630436249129306,0.00016253439176731354,2.1314052000000012e-05,0.008315984259043056,-6.6256918096715465,-1.453368127523897,0.9269392145374075,-8.598816650491031,1.0,-0.49168590129550704,0.6885292967230093,0.9934622950536336,625,per_security_nonnok,True,84,12,
xgboost_pooled_v5,2026-06-30T19:50:30.691620+00:00,pooled,True,walk_forward,level_change,SOFR_5Y,SOFR,5Y,1,GFC,GFC,oos,075a5e5302df,80,596,0.4899328859060403,1.0,-0.10790106523762866,0.0029283562038026935,0.0026435685444630877,0.04203439575399906,-0.10772849447618404,1.1103234719530217,0.13342983108215356,-3.174072485945441,0.9992096159171766,-0.07478881008063328,0.5298086274276017,0.7027918570650817,596,per_security_nonnok,True,84,12,
xgboost_pooled_v5,2026-06-30T19:50:30.691620+00:00,pooled,True,walk_forward,level_change,SOFR_6M,SOFR,6M,1,GFC,GFC,oos,075a5e5302df,80,625,0.4496,1.0,-4.835841568497629,0.0001738480703790668,2.9793072000000008e-05,0.00871332073608413,-4.83518444754763,-1.4229745361040105,0.9226282314517704,-8.505982405044419,0.9999999999999999,-1.4970583136499178,0.9328109573142681,0.9947949723836537,625,per_security_nonnok,True,84,12,
xgboost_pooled_v5,2026-06-30T19:50:30.691620+00:00,pooled,True,walk_forward,level_change,SONIA_10Y,SONIA,10Y,1,GFC,GFC,oos,075a5e5302df,80,593,0.4671163575042159,1.0,-0.10891374331245784,0.002420884292171259,0.002183206965767285,0.03870976825327421,-0.10886614513912662,-0.022245148967063255,0.5088737985891667,-3.1840506421404706,0.9992357224660655,-1.387319825812757,0.9173278698739061,0.9498080499108049,593,per_security_nonnok,True,84,12,
xgboost_pooled_v5,2026-06-30T19:50:30.691620+00:00,pooled,True,walk_forward,level_change,SONIA_15Y,SONIA,15Y,1,GFC,GFC,oos,075a5e5302df,80,593,0.4671163575042159,1.0,-0.07684405706149655,0.0021784983682422636,0.002023045473355818,0.036519032834050454,-0.07684102850569197,0.6984844358779926,0.2424371440183266,-2.3649942310933927,0.9908240652774842,-1.2003037336301057,0.884989299865409,0.9498080499108049,593,per_security_nonnok,True,84,12,
xgboost_pooled_v5,2026-06-30T19:50:30.691620+00:00,pooled,True,walk_forward,level_change,SONIA_1M,SONIA,1M,1,GFC,GFC,oos,075a5e5302df,80,621,0.4074074074074074,1.0,-2.8126191579515574,9.174139379368855e-05,2.406300933977454e-05,0.00689424602743037,-2.812548650847514,-1.3038043551523164,0.9038498513335211,-10.857627839122951,1.0,-1.3360595664641262,0.9092350977517,0.9999984792397644,621,per_security_nonnok,True,84,12,
xgboost_pooled_v5,2026-06-30T19:50:30.691620+00:00,pooled,True,walk_forward,level_change,SONIA_1W,SONIA,1W,1,GFC,GFC,oos,075a5e5302df,80,604,0.25,1.0,-2.8797319458273636,9.283755425008046e-05,2.3940492549668906e-05,0.006794517440524683,-2.877846458566885,-1.359080748679347,0.9129394987695725,-11.201610794561955,1.0,0.44108422964599536,0.3295760100032392,1.0,604,per_security_nonnok,True,84,12,
xgboost_pooled_v5,2026-06-30T19:50:30.691620+00:00,pooled,True,walk_forward,level_change,SONIA_1Y,SONIA,1Y,1,GFC,GFC,oos,075a5e5302df,80,617,0.5040518638573744,1.0,-0.27801677843539707,0.0004290733100981192,0.00033577207050243107,0.015127880216206787,-0.2778707575531141,0.5534599646238056,0.28997424384354953,-6.484829295016152,0.9999999999088123,0.8139495836427032,0.20783691689072636,0.4360416988155763,617,per_security_nonnok,True,84,12,
xgboost_pooled_v5,2026-06-30T19:50:30.691620+00:00,pooled,True,walk_forward,level_change,SONIA_30Y,SONIA,30Y,1,GFC,GFC,oos,075a5e5302df,80,593,0.4688026981450253,1.0,-0.057614081891659286,0.0018003324484022838,0.001702389540472175,0.03313347129813177,-0.0575326067281543,1.5387350248793916,0.0619344989886359,-1.7633318677616645,0.9608198170799533,-1.0913921072249146,0.8624498080436893,0.9407130765334759,593,per_security_nonnok,True,84,12,
xgboost_pooled_v5,2026-06-30T19:50:30.691620+00:00,pooled,True,walk_forward,level_change,SONIA_3M,SONIA,3M,1,GFC,GFC,oos,075a5e5302df,80,608,0.4621710526315789,1.0,-1.0467159147081144,0.00013838750700296778,6.763298733552632e-05,0.00836121233931945,-1.0461539916376794,-0.3460847601600508,0.6353604919000427,-10.042140053407403,1.0,0.5308571231178822,0.29775889599382155,0.9717261515015615,608,per_security_nonnok,True,84,12,
xgboost_pooled_v5,2026-06-30T19:50:30.691620+00:00,pooled,True,walk_forward,level_change,SONIA_5Y,SONIA,5Y,1,GFC,GFC,oos,075a5e5302df,80,611,0.486088379705401,1.0,-0.15687097071180767,0.00230911414331163,0.0019984432448445174,0.037360322542884336,-0.15545645305092637,-1.0395989988388166,0.8507368788761942,-4.335544108567117,0.9999914959425811,-0.4600536478686772,0.6772611432112763,0.7667406967323049,611,per_security_nonnok,True,84,12,
xgboost_pooled_v5,2026-06-30T19:50:30.691620+00:00,pooled,True,walk_forward,level_change,SONIA_6M,SONIA,6M,1,GFC,GFC,oos,075a5e5302df,80,613,0.49592169657422513,1.0,-0.7121609917515106,0.00019313389568275082,0.00011280140522022839,0.009783523616139541,-0.7121585968338329,-1.128685906217652,0.8704848216056739,-8.389569753982453,0.9999999999999998,0.7866977699528175,0.21572940492387016,0.5957287119039705,613,per_security_nonnok,True,84,12,
xgboost_pooled_v5,2026-06-30T19:50:30.691620+00:00,pooled,True,walk_forward,level_change,SWE_10Y,SWE,10Y,1,GFC,GFC,oos,075a5e5302df,80,580,0.4810344827586207,1.0,-0.06532172811051828,0.002439322530318107,0.0022897998448275867,0.03762697593650075,-0.06529945655655278,-0.19180971147630055,0.5760543682216613,-2.8642671011728282,0.9978343467781129,-0.9665125202118912,0.8331061074939581,0.8302138407200075,580,per_security_nonnok,True,84,12,
xgboost_pooled_v5,2026-06-30T19:50:30.691620+00:00,pooled,True,walk_forward,level_change,SWE_15Y,SWE,15Y,1,GFC,GFC,oos,075a5e5302df,80,507,0.46153846153846156,1.0,-0.0705682921694668,0.0023995769645420123,0.0022414448520710053,0.03734063192655561,-0.07054918720168346,-0.3850157000065696,0.6498871082017772,-2.671587760480165,0.9961036794316471,-1.8144633742177416,0.9651967917167019,0.9622235016349422,507,per_security_nonnok,True,84,12,
xgboost_pooled_v5,2026-06-30T19:50:30.691620+00:00,pooled,True,walk_forward,level_change,SWE_1Y,SWE,1Y,1,GFC,GFC,oos,075a5e5302df,80,615,0.47804878048780486,1.0,-0.2680748055855553,0.0009120441071690139,0.0007208655487804884,0.02212086096499159,-0.26520695670912353,-1.3323472162498144,0.9086269407920422,-4.493787473921673,0.9999958184648988,-0.4873513284883234,0.686995310541606,0.8705744375156849,615,per_security_nonnok,True,84,12,
xgboost_pooled_v5,2026-06-30T19:50:30.691620+00:00,pooled,True,walk_forward,level_change,SWE_30Y,SWE,30Y,1,GFC,GFC,oos,075a5e5302df,80,582,0.4793814432989691,1.0,-0.04696129320629838,0.0023803606244976426,0.002273610240549828,0.0369126207072398,-0.04695192783878355,0.3065176843679946,0.3796052586134646,-2.059023825987231,0.9800314435135211,-0.5382064183139513,0.7047827252675757,0.8499674933094312,582,per_security_nonnok,True,84,12,
xgboost_pooled_v5,2026-06-30T19:50:30.691620+00:00,pooled,True,walk_forward,level_change,SWE_5Y,SWE,5Y,1,GFC,GFC,oos,075a5e5302df,80,606,0.4537953795379538,1.0,-0.05325308398017725,0.0031196070327143654,0.002961940441419142,0.03710608926036261,-0.05323084458095373,-0.1768264243471197,0.5701776337601023,-2.29752212319863,0.989035279048736,-1.6587633722227526,0.9514182581085437,0.9897443052135179,606,per_security_nonnok,True,84,12,
xgboost_pooled_v5,2026-06-30T19:50:30.691620+00:00,pooled,True,walk_forward,level_change,SWZ_10Y,SWZ,10Y,1,GFC,GFC,oos,075a5e5302df,80,483,0.4554865424430642,1.0,-0.025059038550655943,0.0014473053201700563,0.0014119560869565216,0.029032305260871458,-0.025035646320793248,-0.8509263043290635,0.8025948540986627,-2.069357672536213,0.9804775592249692,-0.9624209465959341,0.8320809020543236,0.9774173061558619,483,per_security_nonnok,True,84,12,
xgboost_pooled_v5,2026-06-30T19:50:30.691620+00:00,pooled,True,walk_forward,level_change,SWZ_15Y,SWZ,15Y,1,GFC,GFC,oos,075a5e5302df,80,489,0.4539877300613497,1.0,-0.018346220720071305,0.0014530911189019969,0.0014274110020449898,0.029715988315128224,-0.01799069561620037,-0.22377805501812092,0.5885349967394593,-1.6184158758881197,0.9468904492361756,-1.09166682360874,0.8625102136798433,0.9813001794967935,489,per_security_nonnok,True,84,12,
xgboost_pooled_v5,2026-06-30T19:50:30.691620+00:00,pooled,True,walk_forward,level_change,SWZ_1Y,SWZ,1Y,1,GFC,GFC,oos,075a5e5302df,80,623,0.48154093097913325,1.0,-0.07369716626149159,0.000910003670145804,0.0008475462921348314,0.017460919459990915,-0.07369199604856114,-1.8229584129098406,0.9658451551139701,-2.9870685984678413,0.9985362221749904,-0.37048089508170157,0.6444878955102809,0.8318570546183846,623,per_security_nonnok,True,84,12,
xgboost_pooled_v5,2026-06-30T19:50:30.691620+00:00,pooled,True,walk_forward,level_change,SWZ_30Y,SWZ,30Y,1,GFC,GFC,oos,075a5e5302df,80,489,0.45807770961145194,1.0,-0.017873778764471604,0.0015871531315667306,0.0015607297341513296,0.030968376651300422,-0.01693015570679135,-0.15559773822845674,0.5618249460697011,-1.4490489600147296,0.9260169104493838,-1.2496491781077232,0.8942861349848226,0.9712933579825157,489,per_security_nonnok,True,84,12,
xgboost_pooled_v5,2026-06-30T19:50:30.691620+00:00,pooled,True,walk_forward,level_change,SWZ_3M,SWZ,3M,1,GFC,GFC,oos,075a5e5302df,80,623,0.42857142857142855,1.0,-0.09149375754394495,0.00041221525724841594,0.00037766455858747987,0.01092706570350045,-0.09148514965280485,-1.5267768630929952,0.9365917466173261,-3.4965764716143215,0.9997475835030657,-0.847260229311643,0.8015749554738925,0.999847846848154,623,per_security_nonnok,True,84,12,
xgboost_pooled_v5,2026-06-30T19:50:30.691620+00:00,pooled,True,walk_forward,level_change,SWZ_5Y,SWZ,5Y,1,GFC,GFC,oos,075a5e5302df,80,577,0.48873483535528595,1.0,-0.030667186450790362,0.0013558402048178698,0.0013166821837088387,0.027211464091231305,-0.029739918708955537,-0.188003179854209,0.5745629207663859,-1.2778763786516218,0.8990961153804538,1.0164816099263636,0.15470005023646705,0.7199765448098869,577,per_security_nonnok,True,84,12,
xgboost_pooled_v5,2026-06-30T19:50:30.691620+00:00,pooled,True,walk_forward,level_change,SWZ_6M,SWZ,6M,1,GFC,GFC,oos,075a5e5302df,80,620,0.44516129032258067,1.0,-0.07497190715266755,0.0005531292896047705,0.0005145598225806451,0.013160066367694798,-0.07495623508009208,-1.5124214684167239,0.9347866615797985,-3.22385100086908,0.9993343500808538,-1.361555580691839,0.9133309092096193,0.9972280542585881,620,per_security_nonnok,True,84,12,
xgboost_pooled_v5,2026-06-30T19:50:30.691620+00:00,pooled,True,walk_forward,level_change,TURK_10Y,TURK,10Y,1,GFC,GFC,oos,075a5e5302df,80,610,0.45081967213114754,1.0,-0.17875116834744542,0.011130261208976679,0.009478319672131155,0.07487272289396636,-0.174286328588672,-1.3878021786175587,0.9174013543750212,-4.547578721634412,0.9999967251530698,0.12535065690575403,0.45012297499622145,0.993273457923398,610,per_security_nonnok,True,84,12,
xgboost_pooled_v5,2026-06-30T19:50:30.691620+00:00,pooled,True,walk_forward,level_change,TURK_1M,TURK,1M,1,GFC,GFC,oos,075a5e5302df,80,405,0.0049382716049382715,1.0,-0.6197481428860558,0.0006399005008932521,0.00039506172839505894,0.011061522970588678,-0.6197481428860558,1.2232450387580769,0.11061857954920706,-6.15410835743942,0.9999999990898238,-0.4283326516593469,0.665795524970094,1.0,405,per_security_nonnok,True,84,12,
xgboost_pooled_v5,2026-06-30T19:50:30.691620+00:00,pooled,True,walk_forward,level_change,TURK_1Y,TURK,1Y,1,GFC,GFC,oos,075a5e5302df,80,612,0.4362745098039216,1.0,-0.37333730417443123,11.19022924709751,8.149388602941176,2.354801544974698,-0.37313727351998804,6.472028560678771,4.8347881254073855e-11,-3.4575732667401646,0.9997085320844896,0.27667427767453123,0.3910151122842539,0.9993066595412433,612,per_security_nonnok,True,84,12,
xgboost_pooled_v5,2026-06-30T19:50:30.691620+00:00,pooled,True,walk_forward,level_change,TURK_3M,TURK,3M,1,GFC,GFC,oos,075a5e5302df,80,405,0.0024691358024691358,1.0,-0.6627436479280782,0.0006568863794283718,0.00039506172839505894,0.011164919756860235,-0.6627436479280779,0.16562825162513747,0.43422475639086466,-6.869996671483355,0.9999999999878088,-1.444221770656162,0.9256616985741103,1.0,405,per_security_nonnok,True,84,12,
xgboost_pooled_v5,2026-06-30T19:50:30.691620+00:00,pooled,True,walk_forward,level_change,TURK_5Y,TURK,5Y,1,GFC,GFC,oos,075a5e5302df,80,610,0.46229508196721314,1.0,-0.20021064472683592,0.010671216457904462,0.008926434426229517,0.07328871018881591,-0.19546237034443004,-0.8976483916262252,0.8153134843011244,-4.733053029879336,0.9999986236183308,0.36380422885867514,0.35800210228217055,0.9715225566848157,610,per_security_nonnok,True,84,12,
xgboost_pooled_v5,2026-06-30T19:50:30.691620+00:00,pooled,True,walk_forward,level_change,TURK_6M,TURK,6M,1,GFC,GFC,oos,075a5e5302df,80,405,0.009876543209876543,1.0,-0.4048353897331094,0.0008324950457677626,0.0005925925925925884,0.012006362410140772,-0.4048353897331094,0.7359662283278476,0.2308756252763764,-6.41851956513504,0.9999999998069028,-0.5673391642690694,0.7147581132942296,1.0,405,per_security_nonnok,True,84,12,
